index,module,topic,color,feed,term,created,country,ratio,counter,pages,language,ipcc,continent
'f1c8f5f50f',extremes,Drought,#edc291,edo,Lack of Rain South Sudan,2026-09-10T07:28:00+00:00,South Sudan,0.8033095842702436,1,2,en,NEAF,Africa
'08e35d7fd5',extremes,Precipitation,#d60d2b,acwe,precipitation New South Wales,2026-09-27T08:29:00+00:00,Australia,0.7999635433815712,1,2,en,EAU,Oceania
'd0ad361cd5',extremes,Precipitation,#d60d2b,acwe,wet spell Victoria,2026-09-23T07:56:00+00:00,Australia,0.7999195449982115,1,2,en,SAU,Oceania
'3c4d29fd15',extremes,Wildfire,#d60d2b,effis,Wild Fire Ireland,2026-09-26T07:58:00+00:00,Ireland,0.7992638379383569,1,3,en,NEU,Europe
'42f9f7020d',extremes,Heat Wave,#c40202,acwe,warm spell New South Wales,2026-09-27T08:29:00+00:00,Australia,0.7974171202273941,1,2,en,EAU,Oceania
'ac1b1bb6fb',extremes,Drought,#edc291,edo,Lack of Rain Puerto Rico,2026-09-19T07:30:00+00:00,Puerto Rico,0.7934858447300586,1,2,en,CAR,North-America
'd3631dea16',extremes,Thunderstorm,#53785a,wmo,Hail Jamaica,2026-09-07T07:29:00+00:00,Jamaica,0.7923382142244257,1,2,en,CAR,North-America
'b3e00f492f',extremes,Drought,#edc291,edo,Drought Belize,2026-08-30T08:30:00+00:00,Belize,0.790344953382393,1,2,en,SCA,North-America
'560d242cd5',extremes,Storm,#b3b2b1,wmo,Storm Canada,2026-08-19T03:26:00+00:00,Canada,0.7879353847258307,1,3,en,NEN,North-America
'f1966df415',extremes,Thunderstorm,#53785a,wmo,Hail Australia,2026-08-31T08:51:00+00:00,Australia,0.7868330945593792,1,3,en,CAU,Oceania
'dbcb53ece4',extremes,Snow&Ice,#d60d2b,wmo,Snow Canada,2026-09-08T07:23:00+00:00,Canada,0.7845450427598992,1,3,en,NEN,North-America
'354110e18f',extremes,Wildfire,#d60d2b,effis,Bushfire United Kingdom,2026-09-26T07:58:00+00:00,United Kingdom,0.7830012612598772,1,2,en,NEU,Europe
'5c893de063',extremes,Heat Wave,#c40202,acwe,heat wave Victoria,2026-09-28T08:54:00+00:00,Australia,0.782636829240563,1,2,en,SAU,Oceania
'37d08d7316',extremes,Precipitation,#d60d2b,acwe,wet spell South Australia,2026-09-30T08:54:00+00:00,Australia,0.7785584523169254,1,2,en,SAU,Oceania
'83923f83ef',extremes,Storm,#b3b2b1,aidr,storm Australia,2026-09-17T07:56:00+00:00,Australia,0.777806224164414,0,1,en,SAU,Oceania
'9b18fbff36',extremes,Flood,#030ba1,wmo,Flood Ganga Munger Munger Bihar,2026-09-05T07:05:00+00:00,India,0.7769025593284585,1,2,en,SAS,Asia
'3894a694d1',extremes,Flood,#030ba1,aidr,flash flood Australia,2026-09-18T07:34:00+00:00,Australia,0.7763498529009148,1,3,en,SAU,Oceania
'869ff000f5',extremes,Precipitation,#d60d2b,wmo,Rain Belize,2026-09-24T07:46:00+00:00,Belize,0.7752011524595456,1,2,en,SCA,North-America
'99549776e6',extremes,Drought,#edc291,edo,Drought Papua New Guinea,2026-09-01T07:58:00+00:00,Papua New Guinea,0.7749653223768995,1,2,en,EPO,Pacific Ocean
'b0b9fae0fc',extremes,Precipitation,#d60d2b,acwe,heavy rain New South Wales,2026-08-23T03:30:00+00:00,Australia,0.7739985597454886,1,2,en,EAU,Oceania
'a95c685c3e',extremes,Wildfire,#d60d2b,acwe,wildfire New South Wales,2026-09-28T08:54:00+00:00,Australia,0.7683944053379504,1,2,en,EAU,Oceania
'acd0e1409b',extremes,Flood,#030ba1,acwe,flooding New South Wales,2026-09-29T08:53:00+00:00,Australia,0.7669738285340103,1,3,en,EAU,Oceania
'34339a0a68',extremes,Flood,#030ba1,wmo,Flooding Allen IN,2026-09-18T07:34:00+00:00,United States,0.7661464004493385,1,3,en,CNA,North-America
'832aa2c29e',extremes,Storm,#b3b2b1,wmo,Storm All waters,2026-09-15T07:59:00+00:00,Solomon Islands,0.7635918078491718,1,3,en,EPO,Oceania
'b1eb375b87',extremes,Drought,#edc291,edo,Lack of Rain Uganda,2026-09-30T08:54:00+00:00,Uganda,0.7544102680985972,0,1,en,SEAF,Africa
'3bacdb81c7',extremes,Flood,#030ba1,wmo,Flashflood Canada,2026-08-31T08:51:00+00:00,Canada,0.7468299318492962,0,1,en,NEN,North-America
'515277a569',extremes,Flood,#030ba1,wmo,Flooding United Kingdom,2026-08-28T14:32:00+00:00,United Kingdom,0.7461041092678355,1,3,en,NEU,Europe
'69ae05f9b4',extremes,Wildfire,#d60d2b,acwe,fire ban Tasmania,2026-09-22T07:54:00+00:00,Australia,0.7454223271199256,1,2,en,SAU,Oceania
'e9fca89019',extremes,Storm,#b3b2b1,wmo,Storm Coastal and offshore areas.,2026-09-09T07:32:00+00:00,Belize,0.7451201141353099,0,1,en,SCA,North-America
'03d5c98bdb',extremes,Wildfire,#d60d2b,effis,Wildfire United Kingdom,2026-09-27T08:29:00+00:00,United Kingdom,0.744298213338165,0,1,en,NEU,Europe
'364e1752b6',extremes,Snow&Ice,#d60d2b,wmo,Snow Desert Road SH1,2026-09-27T08:29:00+00:00,New Zealand,0.7442887092082268,0,1,en,NZ,Oceania
'b9e5a5873a',extremes,Flood,#030ba1,wmo,Flooding Canada,2026-09-24T07:46:00+00:00,Canada,0.7420299258201009,0,1,en,NEN,North-America
'0315cb46c4',extremes,Tropical Cyclone,#4f4f4f,wmo,Tropical Cyclone Escambia Coastal,2026-10-08T09:21:00+00:00,United States,0.7409748756997129,0,1,en,CNA,North-America
'd0871957bb',extremes,Tropical Cyclone,#4f4f4f,wmo,Tropical Cyclone Baldwin Central,2026-10-08T09:21:00+00:00,United States,0.7404083987103073,0,1,en,CNA,North-America
'61771054e9',extremes,Tropical Cyclone,#4f4f4f,wmo,Hurricane United States,2026-10-08T09:21:00+00:00,United States,0.7401546326412297,0,1,en,CNA,North-America
'6b28028a94',extremes,Heat Wave,#c40202,acwe,heatwave South Australia,2026-10-01T09:18:00+00:00,Australia,0.7389547522153836,1,2,en,SAU,Oceania
'f158ddef73',extremes,Snow&Ice,#d60d2b,wmo,Ice Australia,2026-10-06T09:14:00+00:00,Australia,0.7388027820483598,0,1,en,CAU,Oceania
'beae210554',extremes,Tropical Cyclone,#4f4f4f,wmo,Tropical Cyclone Mobile Inland,2026-10-08T09:21:00+00:00,United States,0.7381354161795781,0,1,en,CNA,North-America
'32fac4018f',extremes,Tropical Cyclone,#4f4f4f,wmo,Hurricane Southern Jackson,2026-10-08T09:21:00+00:00,United States,0.7379592558441197,0,1,en,CNA,North-America
'd1e506dfbd',extremes,Tropical Cyclone,#4f4f4f,wmo,Typhoon Santa Rosa Inland,2026-10-08T09:21:00+00:00,United States,0.7376917384133609,0,1,en,CNA,North-America
'd79796a1fe',extremes,Thunderstorm,#53785a,wmo,Severe Weather Australia,2026-09-25T08:06:00+00:00,Australia,0.7372404980756423,0,1,en,CAU,Oceania
'2bfc5530eb',extremes,Heat Wave,#c40202,wmo,Heat Wave San Diego County Mountains,2026-08-27T13:00:00+00:00,United States,0.7367826637822574,0,1,en,CNA,North-America
'0c844be7b0',extremes,Storm,#b3b2b1,wmo,Storm Surge Eastern Region,2026-09-24T07:46:00+00:00,Solomon Islands,0.7349820741652753,1,2,en,EPO,Oceania
'3b0ad04cf2',extremes,Tropical Cyclone,#4f4f4f,wmo,Typhoon Kohala,2026-09-25T08:06:00+00:00,United States,0.7322580893911582,0,1,en,CNA,North-America
'baf5f94907',extremes,Tropical Cyclone,#4f4f4f,wmo,Hurricane Big Island East,2026-09-24T07:46:00+00:00,United States,0.7322576752342125,0,1,en,CNA,North-America
'7aa861ff3e',extremes,Flood,#030ba1,wmo,Flooding Adams IN Wells IN,2026-09-17T07:56:00+00:00,United States,0.7322016330761523,0,1,en,CNA,North-America
'fdca6c3d52',extremes,Flood,#030ba1,wmo,Flood Jackson AR Woodruff AR,2026-09-19T07:30:00+00:00,United States,0.7321827852977407,0,1,en,CNA,North-America
'aa8d0f641e',extremes,Precipitation,#d60d2b,wmo,Torrential Rain India,2026-08-31T08:51:00+00:00,India,0.7321665271470034,0,1,en,SAS,Asia
'52d69677fc',extremes,Flood,#030ba1,wmo,Flashflood Platte MO,2026-09-16T07:52:00+00:00,United States,0.7321521148361062,0,1,en,CNA,North-America
'd1b13d8307',extremes,Tsunami,#690191,usgs,Tsunami United States,2026-09-03T07:20:00+00:00,United States,0.732058727309481,0,1,en,WNA,North-America
'901431d3eb',extremes,Storm,#b3b2b1,wmo,Storm Surge Kluane Lake,2026-09-20T07:53:00+00:00,Canada,0.7320462606276034,0,1,en,NEN,North-America
'9e057d0c8b',extremes,Flood,#030ba1,wmo,Flashflood Athens OH Meigs OH Vinton OH,2026-09-21T08:09:00+00:00,United States,0.7320247382500693,0,1,en,CNA,North-America
'11aee14d0f',extremes,Flood,#030ba1,wmo,Flashflood Citrus FL Levy FL Marion FL,2026-09-17T07:56:00+00:00,United States,0.7319872999880607,0,1,en,CNA,North-America
'485794e3d4',extremes,Earthquake,#870007,usgs,Earthquake Canada,2026-09-28T08:53:00+00:00,Canada,0.7319604731546562,0,1,en,NPO,Pacific Ocean
'5aac2a6d30',extremes,Storm,#b3b2b1,wmo,Storm India,2026-08-31T08:51:00+00:00,India,0.7319077950558656,0,1,en,SAS,Asia
'd3ea8177c3',extremes,Flood,#030ba1,wmo,Flooding United States,2026-09-21T08:09:00+00:00,United States,0.731840180320691,0,1,en,CNA,North-America
'b7543c636c',extremes,Flood,#030ba1,wmo,Flood Pike OH Ross OH,2026-09-13T07:37:00+00:00,United States,0.7317307080115263,0,1,en,CNA,North-America
'15542b3f56',extremes,Tropical Cyclone,#4f4f4f,wmo,Tropical Cyclone Kona,2026-09-24T07:46:00+00:00,United States,0.7316266183359774,0,1,en,CNA,North-America
'16a17c4630',extremes,Flood,#030ba1,wmo,Flood Adams IN Wells IN,2026-09-18T07:34:00+00:00,United States,0.7314517976163121,0,1,en,CNA,North-America
'0fbe8e5718',extremes,Storm,#b3b2b1,wmo,Storm Surge Australia,2026-08-31T08:51:00+00:00,Australia,0.7311598610832024,1,2,en,CAU,Oceania
'72e330c6fb',extremes,Storm,#b3b2b1,wmo,Storm Wicklow,2026-10-02T08:51:00+00:00,Ireland,0.731151158554902,0,1,en,NEU,Europe
'0db6685330',extremes,Precipitation,#d60d2b,wmo,Precipitation The Ruahine Range,2026-09-06T07:16:00+00:00,New Zealand,0.731107506701168,0,1,en,NZ,Oceania
'b038b7c94e',extremes,Earthquake,#870007,usgs,Earthquake Solomon Islands,2026-09-05T07:04:00+00:00,Solomon Islands,0.7310988042221047,0,1,en,EPO,Pacific Ocean
'9ede3b1c93',extremes,Heat Wave,#c40202,wmo,Heat Wave Orange County Coastal,2026-10-01T09:18:00+00:00,United States,0.7310241470822519,0,1,en,CNA,North-America
'aa704a9a6b',extremes,Earthquake,#870007,usgs,Earthquake Gizo,2026-09-01T07:57:00+00:00,Solomon Islands,0.7310001396063944,0,1,en,EPO,Pacific Ocean
'f471382829',extremes,Heat Wave,#c40202,wmo,Heat Wave Santa Ana Mountains and Foothills,2026-10-01T09:18:00+00:00,United States,0.730893255336792,0,1,en,CNA,North-America
'8fa84157eb',extremes,Flood,#030ba1,wmo,Flood Kosi Kursela Katihar Bihar,2026-08-31T08:51:00+00:00,India,0.7308077184606284,0,1,en,SAS,Asia
'aafd8ebea1',extremes,Tropical Cyclone,#4f4f4f,wmo,Tropical Cyclone Big Island Summit,2026-09-24T07:46:00+00:00,United States,0.7306634871486296,0,1,en,CNA,North-America
'0d8bab83be',extremes,Drought,#edc291,edo,Lack of Rain Fiji,2026-09-20T07:53:00+00:00,Fiji,0.730545199488315,0,1,en,,
'34855192b0',extremes,Flood,#030ba1,wmo,Flooding Ghaghra Darauli Siwan Bihar,2026-08-28T14:32:00+00:00,India,0.7305376559128178,0,1,en,SAS,Asia
'0fbfeb6f6d',extremes,Earthquake,#870007,usgs,Earthquake Merizo Village,2026-09-13T07:37:00+00:00,Guam,0.730454524463309,0,1,en,NPO,Pacific Ocean
'd1a294ec0a',extremes,Drought,#edc291,edo,Drought Guyana,2026-09-26T07:58:00+00:00,Guyana,0.7304252429314676,0,1,en,NSA,South-America
'bb2c9cd1fe',extremes,Flood,#030ba1,wmo,Flood Pike IL Marion MO,2026-09-21T08:09:00+00:00,United States,0.730275950202855,0,1,en,CNA,North-America
'c22c0da855',extremes,Precipitation,#d60d2b,wmo,Precipitation Canada,2026-09-28T08:54:00+00:00,Canada,0.7302205916002406,0,1,en,NEN,North-America
'd954e9d08c',extremes,Precipitation,#d60d2b,wmo,Torrential Rain Tadoule Lake Churchill York,2026-09-11T07:27:00+00:00,Canada,0.7301629609127284,0,1,en,NEN,North-America
'6171ca62b4',extremes,Storm,#b3b2b1,wmo,Storm Surge Ireland,2026-09-24T07:46:00+00:00,Ireland,0.7301553590619932,0,1,en,NEU,Europe
'9285bb1a52',extremes,Flood,#030ba1,wmo,Flood San Juan NM,2026-09-19T07:30:00+00:00,United States,0.7301403158032026,0,1,en,CNA,North-America
'aa86a99742',extremes,Flood,#030ba1,wmo,Flashflood Kosi Baltara Khagaria Bihar,2026-08-27T13:00:00+00:00,India,0.7300452640165772,0,1,en,SAS,Asia
'c4071c5fb5',extremes,Earthquake,#870007,usgs,Earthquake Port McNeill,2026-09-28T08:53:00+00:00,Canada,0.7299387405292402,0,1,en,NWN,North-America
'33c50fa0d2',extremes,Drought,#edc291,edo,Dry Spell Fiji,2026-09-05T07:05:00+00:00,Fiji,0.7298887582699171,0,1,en,,
'a380e33a02',extremes,Precipitation,#d60d2b,wmo,Downpour The Tararua Range,2026-09-25T08:06:00+00:00,New Zealand,0.729807116374585,0,1,en,NZ,Oceania
'bdc9e0789f',extremes,Storm,#b3b2b1,wmo,Storm Bay St. George,2026-10-05T09:29:00+00:00,Canada,0.7297356927880804,0,1,en,NEN,North-America
'4909521a26',extremes,Flood,#030ba1,wmo,Flooding Ganga Buxar Buxar Bihar,2026-09-05T07:05:00+00:00,India,0.7296891426135979,0,1,en,SAS,Asia
'abb0eecfe2',extremes,Flood,#030ba1,wmo,Flashflood Polk TX San Jacinto TX,2026-09-03T07:20:00+00:00,United States,0.7296144639999949,0,1,en,CNA,North-America
'a81eb0fdde',extremes,Flood,#030ba1,wmo,Flood Ghaghra Darauli Siwan Bihar,2026-09-07T07:29:00+00:00,India,0.7296118127428798,0,1,en,SAS,Asia
'77944c1130',extremes,Flood,#030ba1,wmo,Flood Mower MN,2026-09-20T07:53:00+00:00,United States,0.7295933100824433,0,1,en,CNA,North-America
'7990fcd083',extremes,Snow&Ice,#d60d2b,wmo,Snow Haast Pass SH6,2026-09-16T07:52:00+00:00,New Zealand,0.7294600090706197,0,1,en,NZ,Oceania
'14ecb8c2a0',extremes,Drought,#edc291,edo,Drought Nigeria,2026-09-22T07:54:00+00:00,Nigeria,0.7291917554339759,0,1,en,WAF,Africa
'cc6467e680',extremes,Flood,#030ba1,wmo,Flashflood Ghaghra Darauli Siwan Bihar,2026-08-27T13:00:00+00:00,India,0.729181566359987,0,1,en,SAS,Asia
'615a4551a5',extremes,Flood,#030ba1,wmo,Flooding India,2026-09-21T08:09:00+00:00,India,0.7291444665684937,0,1,en,SAS,Asia
'4e69fb62e2',extremes,Precipitation,#d60d2b,wmo,Downpour Buller,2026-09-26T07:58:00+00:00,New Zealand,0.7291444186717823,0,1,en,NZ,Oceania
'bc425ed68d',extremes,Storm,#b3b2b1,wmo,Storm South Australia Spencer Gulf,2026-08-25T03:27:00+00:00,Australia,0.7291404077282416,0,1,en,CAU,Oceania
'1235b2102d',extremes,Fog,#d60d2b,wmo,Fog Columbia River Bar,2026-10-05T09:29:00+00:00,United States,0.7290731268230398,0,1,en,CNA,North-America
'73bf613080',extremes,Flood,#030ba1,wmo,Flood Kosi Baltara Khagaria Bihar,2026-09-03T07:20:00+00:00,India,0.7290616971797985,0,1,en,SAS,Asia
'c552693aa1',extremes,Flood,#030ba1,wmo,Flood Dixie FL Taylor FL,2026-08-28T14:32:00+00:00,United States,0.7289527990064095,0,1,en,CNA,North-America
'55a22f1ed9',extremes,Earthquake,#870007,usgs,Earthquake Kainantu,2026-09-21T08:08:00+00:00,Papua New Guinea,0.7288525001392293,0,1,en,SEA,Oceania
'63d67b0640',extremes,Heat Wave,#c40202,wmo,Heat Wave San Diego County Coastal Areas,2026-10-03T08:28:00+00:00,United States,0.7288512566242769,0,1,en,CNA,North-America
'162d98d01a',extremes,Flood,#030ba1,wmo,Flashflood Morgan OH Perry OH,2026-09-10T07:28:00+00:00,United States,0.7287656098434617,0,1,en,CNA,North-America
'6f64e24418',extremes,Flood,#030ba1,wmo,Flooding Clinton OH Warren OH,2026-09-20T07:53:00+00:00,United States,0.7286498408778388,0,1,en,CNA,North-America
'136c5b71eb',extremes,Flood,#030ba1,wmo,Flooding Kosi Baltara Khagaria Bihar,2026-08-29T09:18:00+00:00,India,0.7286173750406024,0,1,en,SAS,Asia
'1b0a088319',extremes,Precipitation,#d60d2b,wmo,Rain Northern Peninsula East,2026-09-19T07:30:00+00:00,Canada,0.7283760413331501,0,1,en,NEN,North-America
'b3d367d1fe',extremes,Flood,#030ba1,wmo,Flashflood Cobb GA,2026-08-29T09:18:00+00:00,United States,0.7283608968370985,0,1,en,CNA,North-America
'53ebaec875',extremes,Flood,#030ba1,wmo,Flood Gandak Hajipur Vaishali Bihar,2026-09-05T07:05:00+00:00,India,0.7283418262236359,0,1,en,SAS,Asia
'2c372f5133',extremes,Flood,#030ba1,wmo,Flooding Fayette IA,2026-09-20T07:53:00+00:00,United States,0.7281711532411719,0,1,en,CNA,North-America
'aaa5adeda5',extremes,Storm,#b3b2b1,wmo,Storm Surge Victoria East Gippsland Coast,2026-09-19T07:30:00+00:00,Australia,0.7280704163035429,0,1,en,CAU,Oceania
'649545a513',extremes,Precipitation,#d60d2b,wmo,Rain Auckland and Great Barrier Island,2026-08-28T14:32:00+00:00,New Zealand,0.7280663587603629,0,1,en,NZ,Oceania
'20cd1f89b2',extremes,Heat Wave,#c40202,wmo,Heat Wave Henry Bureau Putnam,2026-09-04T07:23:00+00:00,United States,0.7280602456223824,0,1,en,CNA,North-America
'ce49293b0b',extremes,Flood,#030ba1,wmo,Flashflood Victoria Avoca River,2026-09-30T08:53:00+00:00,Australia,0.7280482967128113,0,1,en,CAU,Oceania
'6b5acd7360',extremes,Drought,#edc291,edo,Dry Spell Falkland Islands,2026-09-22T07:54:00+00:00,Falkland Islands,0.7278370856713964,0,1,en,SSA,South-America
'225e8ff373',extremes,Heat Wave,#c40202,wmo,Heat Wave San Diego County Inland Valleys,2026-10-01T09:18:00+00:00,United States,0.7278273347366752,0,1,en,CNA,North-America
'62ad6cee29',extremes,Flood,#030ba1,wmo,Flashflood Clay WV Kanawha WV,2026-09-13T07:37:00+00:00,United States,0.7276192063931182,0,1,en,CNA,North-America
'7a1d28bed6',extremes,Fog,#d60d2b,wmo,Fog Marquette to Munising MI,2026-09-29T08:53:00+00:00,United States,0.727526063125854,0,1,en,CNA,North-America
'8ec66565d2',extremes,Flood,#030ba1,wmo,Flooding Baker County,2026-09-04T07:23:00+00:00,United States,0.7272540408632082,0,1,en,CNA,North-America
'65916423ca',extremes,Tropical Cyclone,#4f4f4f,wmo,Hurricane Big Island Southeast,2026-08-16T03:28:00+00:00,United States,0.7271144052440879,1,3,en,CNA,North-America
'6d0448f11b',extremes,Flood,#030ba1,wmo,Flooding Ganga Kahalgaon Bhagalpur Bihar,2026-09-08T07:23:00+00:00,India,0.7269881700865535,0,1,en,SAS,Asia
'9307e39b7a',extremes,Flood,#030ba1,wmo,Flood South Central Mountains,2026-09-05T07:05:00+00:00,United States,0.7269410453650422,0,1,en,CNA,North-America
'2dce55beb8',extremes,Flood,#030ba1,wmo,Flood Deuel Keith Perkins Chase,2026-09-06T07:16:00+00:00,United States,0.726861634505512,0,1,en,CNA,North-America
'fd4cfbfd4d',extremes,Flood,#030ba1,wmo,Flood Daviess MO Gentry MO,2026-09-16T07:52:00+00:00,United States,0.7268296707229392,0,1,en,CNA,North-America
'8d1d12e298',extremes,Heat Wave,#c40202,wmo,Heat Wave Orange County Inland,2026-10-01T09:18:00+00:00,United States,0.7268048258162308,0,1,en,CNA,North-America
'c47d302a31',extremes,Flood,#030ba1,wmo,Flood Vernon WI,2026-09-20T07:53:00+00:00,United States,0.7267590891394842,0,1,en,CNA,North-America
'970305e1b7',extremes,Precipitation,#d60d2b,wmo,Downpour Canada,2026-09-25T08:06:00+00:00,Canada,0.7267471132398948,0,1,en,NEN,North-America
'c2f36e9173',extremes,Earthquake,#870007,usgs,Earthquake Arthurs Point,2026-09-02T07:16:00+00:00,New Zealand,0.7266774490521474,0,1,en,NZ,Oceania
'5d35ff5189',extremes,Flood,#030ba1,wmo,Flooding Polk IA,2026-09-09T07:32:00+00:00,United States,0.726648390645574,0,1,en,CNA,North-America
'386d2eebd7',extremes,Flood,#030ba1,wmo,Flooding Clinton IA Scott IA,2026-09-21T08:09:00+00:00,United States,0.7266260628343976,0,1,en,CNA,North-America
'79836bd99d',extremes,Flood,#030ba1,wmo,Flood Rio Blanco CO,2026-09-16T07:52:00+00:00,United States,0.7265096572896346,0,1,en,CNA,North-America
'b267664ec6',extremes,Fog,#d60d2b,wmo,Fog Burke Lee Sumter,2026-10-02T08:51:00+00:00,United States,0.7264537999709767,0,1,en,CNA,North-America
'f81c28997e',extremes,Storm,#b3b2b1,wmo,Storm Western Australia Eucla Coast,2026-09-09T07:32:00+00:00,Australia,0.7261318026418233,0,1,en,CAU,Oceania
'885597e0f4',extremes,Wildfire,#d60d2b,acwe,wildfire Australia,2026-10-03T08:28:00+00:00,Australia,0.7261314698270902,0,1,en,CAU,Oceania
'376cf72bcf',extremes,Precipitation,#d60d2b,wmo,Rain Lunenburg County,2026-09-14T08:04:00+00:00,Canada,0.7261065583215857,0,1,en,NEN,North-America
'381ceff412',extremes,Earthquake,#870007,usgs,Earthquake Kimbe,2026-09-19T07:30:00+00:00,Papua New Guinea,0.7259959353173806,0,1,en,EPO,Pacific Ocean
'bdccdbf17e',extremes,Flood,#030ba1,wmo,Flooding Dolores CO,2026-09-19T07:30:00+00:00,United States,0.7259630370263871,0,1,en,CNA,North-America
'8006472463',extremes,Flood,#030ba1,wmo,Flashflood PunPun Sripalpur Patna Bihar,2026-09-06T07:16:00+00:00,India,0.7256785796403924,0,1,en,SAS,Asia
'08579e390c',extremes,Earthquake,#870007,usgs,Earthquake Yigo Village,2026-09-20T07:53:00+00:00,Guam,0.725418316232972,0,1,en,NPO,Pacific Ocean
'8e7e08e80c',extremes,Thunderstorm,#53785a,wmo,Thunderstorm Jamaica,2026-10-02T08:51:00+00:00,Jamaica,0.7253453643470332,0,1,en,CAR,North-America
'4e7faf91d4',extremes,Flood,#030ba1,wmo,Flashflood Carroll MO Chariton MO,2026-09-16T07:52:00+00:00,United States,0.7250555468469245,0,1,en,CNA,North-America
'e3f478e59c',extremes,Flood,#030ba1,wmo,Flashflood Victoria Ovens and King Rivers,2026-10-01T09:18:00+00:00,Australia,0.7250073739048204,0,1,en,CAU,Oceania
'c95e885889',extremes,Thunderstorm,#53785a,wmo,Severe Weather India,2026-08-31T08:51:00+00:00,India,0.7249763061178482,0,1,en,SAS,Asia
'f9353da6b5',extremes,Flood,#030ba1,wmo,Flood Carroll MO Chariton MO,2026-10-05T09:29:00+00:00,United States,0.7249351423143999,0,1,en,CNA,North-America
'4fc6c13608',extremes,Flood,#030ba1,wmo,Flood isolated places,2026-09-02T07:16:00+00:00,India,0.7249325031867607,0,1,en,SAS,Asia
'455ffb5850',extremes,Flood,#030ba1,wmo,Flashflood Polk IA,2026-09-16T07:52:00+00:00,United States,0.7248628253030394,0,1,en,CNA,North-America
'efc5bd1297',extremes,Flood,#030ba1,wmo,Flooding Coconino AZ,2026-09-14T08:04:00+00:00,United States,0.7248600763389748,0,1,en,CNA,North-America
'51d222b33f',extremes,Flood,#030ba1,wmo,Flashflood Johnson IA Washington IA,2026-09-23T07:55:00+00:00,United States,0.7246599196358954,0,1,en,CNA,North-America
'816f369677',extremes,Heat Wave,#c40202,wmo,Heat Wave Catalina and Santa Barbara Islands,2026-09-09T07:32:00+00:00,United States,0.7246409825400588,0,1,en,CNA,North-America
'7127511dcb',extremes,Wildfire,#d60d2b,effis,Wildfire South East Ireland,2026-09-26T07:58:00+00:00,Ireland,0.7246206143192498,0,1,en,NEU,Europe
'26ebc0acee',extremes,Tsunami,#690191,usgs,Tsunami Canada,2026-09-28T08:53:00+00:00,Canada,0.7246191952546334,0,1,en,NPO,Pacific Ocean
'cba4e37605',extremes,Wildfire,#d60d2b,effis,Wild Fire United Kingdom Gwent Valleys Caerphilly,2026-08-29T09:18:00+00:00,United Kingdom,0.7246109875327345,0,1,en,NEU,Europe
'83b05b31d0',extremes,Precipitation,#d60d2b,acwe,wet spell New South Wales,2026-10-03T08:28:00+00:00,Australia,0.7245620399400211,0,1,en,EAU,Oceania
'c491b8fbb5',extremes,Flood,#030ba1,wmo,Flood Gilmer WV Lewis WV,2026-09-11T07:27:00+00:00,United States,0.7245519897017823,0,1,en,CNA,North-America
'3ce9863fa9',extremes,Flood,#030ba1,wmo,Flood Wells IN,2026-09-19T07:30:00+00:00,United States,0.7244129833498685,0,1,en,CNA,North-America
'fbf54921ca',extremes,Earthquake,#870007,usgs,Earthquake Lautoka,2026-09-16T07:52:00+00:00,Fiji,0.7243489251070011,0,1,en,SPO,Pacific Ocean
'cd0f327066',extremes,Flood,#030ba1,wmo,Flashflood Ganga Kahalgaon Bhagalpur Bihar,2026-09-12T07:19:00+00:00,India,0.7243369671799151,0,1,en,SAS,Asia
'471650486f',extremes,Flood,#030ba1,wmo,Flood Calhoun WV Jackson WV Roane WV,2026-09-21T08:09:00+00:00,United States,0.7243248554267205,0,1,en,CNA,North-America
'6690573b9a',extremes,Earthquake,#870007,usgs,Earthquake Joshīmath,2026-09-04T07:23:00+00:00,India,0.7243017990000574,0,1,en,TIB,Asia
'4bfbd1e28d',extremes,Drought,#edc291,edo,Dryness Kiribati,2026-09-22T07:54:00+00:00,Kiribati,0.7242764627336356,0,1,en,EAO,Atlantic Ocean
'26b14d04da',extremes,Drought,#edc291,edo,Lack of Rain United Kingdom,2026-09-02T07:17:00+00:00,United Kingdom,0.7241462823048793,0,1,en,NEU,Europe
'255621cc4c',extremes,Earthquake,#870007,usgs,Earthquake Panguna,2026-09-17T07:56:00+00:00,Papua New Guinea,0.7239564981068018,0,1,en,EPO,Pacific Ocean
'8150771e7c',extremes,Snow&Ice,#d60d2b,wmo,Frost Baraga Iron Southern Houghton,2026-09-22T07:54:00+00:00,United States,0.7239530217562216,0,1,en,CNA,North-America
'a40075bdce',extremes,Fog,#d60d2b,wmo,Fog Petersburg Borough,2026-10-02T08:51:00+00:00,United States,0.7237932191134943,0,1,en,CNA,North-America
'9c6690f157',extremes,Heat Wave,#c40202,wmo,Heat Wave Imperial County Southwest,2026-09-08T07:23:00+00:00,United States,0.7235472021365005,0,1,en,CNA,North-America
'cbfe8af9df',extremes,Flood,#030ba1,wmo,Flashflood Ghaghra Chhappra Saran Bihar,2026-09-05T07:05:00+00:00,India,0.7234159011584534,0,1,en,SAS,Asia
'c45708a23a',extremes,Flood,#030ba1,wmo,Flooding Victoria Avon River,2026-09-30T08:53:00+00:00,Australia,0.7232435277297505,0,1,en,CAU,Oceania
'13b1522378',extremes,Flood,#030ba1,wmo,Flashflood Lee IA Clark MO Scotland MO,2026-09-16T07:52:00+00:00,United States,0.723219693376122,0,1,en,CNA,North-America
'fbc9f3fe89',extremes,Flood,#030ba1,wmo,Flashflood Louisa IA,2026-09-22T07:54:00+00:00,United States,0.7232175289578925,0,1,en,CNA,North-America
'02f56319a7',extremes,Flood,#030ba1,aidr,flood Australia,2026-09-17T07:56:00+00:00,Australia,0.7231215629903169,1,3,en,SAU,Oceania
'4ca3b74aa6',extremes,Flood,#030ba1,wmo,Flashflood Llano TX,2026-10-02T08:51:00+00:00,United States,0.7229942622726254,0,1,en,CNA,North-America
'a13001759a',extremes,Flood,#030ba1,wmo,Flood Two Rivers Fairbanks Metro Area,2026-09-14T08:04:00+00:00,United States,0.7228899967247272,0,1,en,CNA,North-America
'1646e2bfe8',extremes,Heat Wave,#c40202,wmo,Heat Wave Yuma,2026-09-08T07:23:00+00:00,United States,0.7228886867702711,0,1,en,CNA,North-America
'8bf8909453',extremes,Earthquake,#870007,usgs,Earthquake Levuka,2026-09-09T07:32:00+00:00,Fiji,0.7228175070892939,0,1,en,SPO,Pacific Ocean
'f3691c259d',extremes,Flood,#030ba1,wmo,Flood La Salle IL,2026-09-21T08:09:00+00:00,United States,0.722816734215458,0,1,en,CNA,North-America
'bc6a2eebfd',extremes,Snow&Ice,#d60d2b,wmo,Snow Dempster,2026-10-04T08:41:00+00:00,Canada,0.7225765198365613,0,1,en,NEN,North-America
'69dfb15ea7',extremes,Storm,#b3b2b1,wmo,Storm Adak to Kiska Bering Side,2026-09-16T07:52:00+00:00,United States,0.7225323722255469,0,1,en,CNA,North-America
'c6fc7b5440',extremes,Snow&Ice,#d60d2b,wmo,Frost Ashland Iron,2026-10-03T08:28:00+00:00,United States,0.7224790595736401,0,1,en,CNA,North-America
'bb9ef5ae52',extremes,Flood,#030ba1,wmo,Flood Marshall KS,2026-10-01T09:18:00+00:00,United States,0.722461707443651,0,1,en,CNA,North-America
'5776cc2fbc',extremes,Flood,#030ba1,wmo,Flood Morgan OH Perry OH,2026-09-21T08:09:00+00:00,United States,0.7224359476116948,0,1,en,CNA,North-America
'8b115e798f',extremes,Flood,#030ba1,wmo,Flooding Louisa IA,2026-09-23T07:55:00+00:00,United States,0.7224058297729425,0,1,en,CNA,North-America
'381308205e',extremes,Flood,#030ba1,wmo,Flooding Jackson IA,2026-09-20T07:53:00+00:00,United States,0.7223039879233362,0,1,en,CNA,North-America
'9076dec423',extremes,Flood,#030ba1,wmo,Flooding Lake IL,2026-10-01T09:18:00+00:00,United States,0.7220831350817407,0,1,en,CNA,North-America
'b18ef8fc73',extremes,Flood,#030ba1,acwe,flooding Northern Territory,2026-08-23T03:30:00+00:00,Australia,0.7220342669345517,1,2,en,NAU,Oceania
'c78132321f',extremes,Snow&Ice,#d60d2b,wmo,Freezing Ashland Iron,2026-10-05T09:29:00+00:00,United States,0.7218777227385864,0,1,en,CNA,North-America
'2387893afd',extremes,Flood,#030ba1,wmo,Flood Gage NE,2026-10-02T08:51:00+00:00,United States,0.7216100612223577,0,1,en,CNA,North-America
'11f167424d',extremes,Flood,#030ba1,wmo,Flooding Adams IL Lewis MO,2026-09-21T08:09:00+00:00,United States,0.7214615825713014,0,1,en,CNA,North-America
'96364cecb2',extremes,Flood,#030ba1,wmo,Flooding Louisa IA Muscatine IA,2026-09-24T07:46:00+00:00,United States,0.721460790090819,0,1,en,CNA,North-America
'9af7333639',extremes,Fog,#d60d2b,wmo,Fog Taylor Clark,2026-10-01T09:18:00+00:00,United States,0.7213564376455837,0,1,en,CNA,North-America
'ec097c18fb',extremes,Flood,#030ba1,wmo,Flashflood Gallia OH Mason WV,2026-09-13T07:37:00+00:00,United States,0.721352447531403,0,1,en,CNA,North-America
'c62d887c53',extremes,Fog,#d60d2b,wmo,Fog Marathon Schreiber,2026-10-01T09:18:00+00:00,Canada,0.7213073260051903,0,1,en,NEN,North-America
'd15ffdaa30',extremes,Flood,#030ba1,wmo,Flood Louisa IA,2026-09-21T08:09:00+00:00,United States,0.7212919275218442,0,1,en,CNA,North-America
'dd47a7acb8',extremes,Flood,#030ba1,wmo,Flooding Ganga Bhagalpur Bhagalpur Bihar,2026-09-15T07:59:00+00:00,India,0.7211711758370868,0,1,en,SAS,Asia
'4aada2ec79',extremes,Precipitation,#d60d2b,meteo,Rain United Kingdom,2026-09-26T07:58:00+00:00,United Kingdom,0.721157926454046,0,1,en,NEU,Europe
'4c19a49f3d',extremes,Flood,#030ba1,acwe,flooding Tasmania,2026-08-27T13:01:00+00:00,Australia,0.7208311894895083,1,2,en,SAU,Oceania
'9079585b41',extremes,Fog,#d60d2b,wmo,Fog Jenkins Screven Candler Bulloch,2026-10-02T08:51:00+00:00,United States,0.7207589469771589,0,1,en,CNA,North-America
'0f62c5618c',extremes,Storm,#b3b2b1,wmo,Storm Surge United States,2026-09-17T07:56:00+00:00,United States,0.7205163685859483,0,1,en,CNA,North-America
'90fb403cd8',extremes,Flood,#030ba1,wmo,Flood Baker FL Nassau FL Charlton GA,2026-10-06T09:14:00+00:00,United States,0.7205083314059514,0,1,en,CNA,North-America
'20b6055ef8',extremes,Wildfire,#d60d2b,effis,Bushfire Ireland,2026-09-26T07:58:00+00:00,Ireland,0.7204571537152789,1,2,en,NEU,Europe
'37a3ba3d5f',extremes,Flood,#030ba1,wmo,Flooding Bristol MA Plymouth MA,2026-09-28T08:54:00+00:00,United States,0.7204544698010333,0,1,en,CNA,North-America
'ec98366bcb',extremes,Flood,#030ba1,aidr,Flood south eastern Australia 2016,2026-09-27T08:29:00+00:00,Australia,0.7204488504886309,0,1,en,SAU,Oceania
'bf140a8e96',extremes,Flood,#030ba1,wmo,Flooding Victoria Ovens and King Rivers,2026-10-02T08:51:00+00:00,Australia,0.7204431863030477,0,1,en,CAU,Oceania
'087c4025a0',extremes,Flood,#030ba1,wmo,Flashflood Louisa IA Muscatine IA,2026-10-02T08:51:00+00:00,United States,0.7201292068791734,0,1,en,CNA,North-America
'2a78b92075',extremes,Precipitation,#d60d2b,wmo,Torrential Rain Uranium City Camsell Portage,2026-09-26T07:58:00+00:00,Canada,0.7201047608272587,0,1,en,NEN,North-America
'94485cfb64',extremes,Flood,#030ba1,wmo,Flood Victoria Traralgon Creek,2026-09-30T08:53:00+00:00,Australia,0.7200514055722188,0,1,en,CAU,Oceania
'1653242ea9',extremes,Snow&Ice,#d60d2b,wmo,Frost Crown Range Road,2026-09-19T07:30:00+00:00,New Zealand,0.7199723794289248,0,1,en,NZ,Oceania
'5ac93302d8',extremes,Snow&Ice,#d60d2b,wmo,Frost Australia,2026-09-21T08:09:00+00:00,Australia,0.7197897192812431,0,1,en,CAU,Oceania
'd100b7ccb2',extremes,Flood,#030ba1,wmo,Flooding Gage NE Saline NE,2026-10-03T08:28:00+00:00,United States,0.7197031204479756,0,1,en,CNA,North-America
'6ca67223c2',extremes,Snow&Ice,#d60d2b,wmo,Snow Iron,2026-10-02T08:51:00+00:00,United States,0.7195582549494269,0,1,en,CNA,North-America
'ebdc91d45a',extremes,Flood,#030ba1,wmo,Flashflood Saline NE,2026-10-02T08:51:00+00:00,United States,0.7195512542138279,0,1,en,CNA,North-America
'aedc5df2d5',extremes,Flood,#030ba1,wmo,Flood Victoria Avon River,2026-10-01T09:18:00+00:00,Australia,0.7194621594913279,0,1,en,CAU,Oceania
'7861dfcc26',extremes,Flood,#030ba1,wmo,Flashflood Freeborn,2026-09-19T07:30:00+00:00,United States,0.7194415308416064,0,1,en,CNA,North-America
'e2d3283ec5',extremes,Storm,#b3b2b1,wmo,Storm Central and Eastern Region,2026-09-27T08:29:00+00:00,Solomon Islands,0.7193374421242978,1,3,en,EPO,Oceania
'5a89c82dc8',extremes,Flood,#030ba1,wmo,Flood Seward NE,2026-10-01T09:18:00+00:00,United States,0.7192968795144294,0,1,en,CNA,North-America
'eb867131f1',extremes,Flood,#030ba1,wmo,Flashflood Keokuk IA,2026-09-21T08:09:00+00:00,United States,0.7189809086036946,0,1,en,CNA,North-America
'ec565ce4e2',extremes,Storm,#b3b2b1,wmo,Storm Surge All waters,2026-09-14T08:04:00+00:00,Solomon Islands,0.7164603633007764,1,3,en,EPO,Oceania
'5dab552ef7',extremes,Storm,#b3b2b1,wmo,Storm Mauritius,2026-09-17T07:56:00+00:00,Mauritius,0.7100561218009376,1,2,en,SIO,Africa
'a840b9c328',extremes,Snow&Ice,#d60d2b,wmo,Snow New Zealand,2026-09-19T07:30:00+00:00,New Zealand,0.7095503583008115,1,3,en,NZ,Oceania
'384838564d',extremes,Snow&Ice,#d60d2b,wmo,Ice Crown Range Road,2026-09-22T07:54:00+00:00,New Zealand,0.7034292721044169,1,2,en,NZ,Oceania
'c8e23931d5',extremes,Heat Wave,#c40202,acwe,warm spell Western Australia,2026-09-02T07:17:00+00:00,Australia,0.7031682286183258,1,1,en,CAU,Oceania
'152914913d',extremes,Heat Wave,#c40202,acwe,heat wave Tasmania,2026-09-17T07:56:00+00:00,Australia,0.700584843773504,1,1,en,SAU,Oceania
'7b9635c66a',extremes,Thunderstorm,#53785a,wmo,Hail Nigeria,2026-08-27T13:00:00+00:00,Nigeria,0.7002637767472527,1,1,en,WAF,Africa
'89b6ac7d7c',extremes,Tropical Cyclone,#4f4f4f,wmo,Typhoon Big Island North,2026-09-26T07:58:00+00:00,United States,0.6998714955372981,1,2,en,CNA,North-America
'60a34b83b0',extremes,Flood,#030ba1,acwe,flooding South Australia,2026-09-28T08:54:00+00:00,Australia,0.6997056763061135,1,2,en,SAU,Oceania
'9e04699981',extremes,Precipitation,#d60d2b,wmo,Rain The Tararua Range,2026-09-05T07:05:00+00:00,New Zealand,0.6986136917896243,1,2,en,NZ,Oceania
'0416619559',extremes,Flood,#030ba1,acwe,flooding Western Australia,2026-09-02T07:17:00+00:00,Australia,0.6981487136141329,1,2,en,CAU,Oceania
'7a2481f0b1',extremes,Flood,#030ba1,aidr,river flooding Australia,2026-09-22T07:54:00+00:00,Australia,0.6969930459894655,1,2,en,SAU,Oceania
'd2793b8bae',extremes,Drought,#edc291,edo,Drought South Sudan,2026-09-03T07:20:00+00:00,South Sudan,0.6968097127396177,1,1,en,NEAF,Africa
'90f07d6c4e',extremes,Flood,#030ba1,wmo,Flood PunPun Sripalpur Patna Bihar,2026-09-01T07:58:00+00:00,India,0.6941947564041342,1,1,en,SAS,Asia
'44211c95de',extremes,Flood,#030ba1,aidr,flooding Australia,2026-09-21T08:09:00+00:00,Australia,0.6911210575509775,1,2,en,SAU,Oceania
'1af32d0d90',extremes,Precipitation,#d60d2b,wmo,Rain Canada,2026-09-12T07:19:00+00:00,Canada,0.6908849995039048,1,2,en,NEN,North-America
'460c2ad2ba',extremes,Storm,#b3b2b1,aidr,Storm extreme weather event South Australia September 2016,2026-09-06T07:16:00+00:00,Australia,0.6860593752315332,2,2,en,SAU,Oceania
'b1a93876e8',extremes,Precipitation,#d60d2b,wmo,Rain Ireland,2026-09-26T07:58:00+00:00,Ireland,0.6850073437672151,1,2,en,NEU,Europe
'ec51ecb5d3',extremes,Flood,#030ba1,acwe,flash flood Tasmania,2026-09-17T07:56:00+00:00,Australia,0.6828602096004397,2,2,en,SAU,Oceania
'9a2845aa9d',extremes,Drought,#edc291,edo,Drought Puerto Rico,2026-08-26T03:34:00+00:00,Puerto Rico,0.6820893200264746,2,2,en,CAR,North-America
'1925b3106a',extremes,Storm,#b3b2b1,wmo,Storm Canterbury High Country,2026-09-04T07:23:00+00:00,New Zealand,0.6817611785352058,1,1,en,NZ,Oceania
'6b022d9af6',extremes,Thunderstorm,#53785a,wmo,Thunderstorm Far North Region,2026-09-29T08:53:00+00:00,Cameroon,0.6802315042016165,1,1,en,CAF,Africa
'dd6493c331',extremes,Storm,#b3b2b1,aidr,thunderstorm Australia,2026-09-01T07:58:00+00:00,Australia,0.6802093927017103,1,1,en,EAU,Oceania
'8361b4e2da',extremes,Storm,#b3b2b1,wmo,Storm Most waters,2026-08-21T03:30:00+00:00,Solomon Islands,0.6786642174236853,1,2,en,EPO,Oceania
'a345aca9eb',extremes,Heat Wave,#c40202,acwe,heatwave Victoria,2026-09-23T07:56:00+00:00,Australia,0.6763507056362935,1,1,en,SAU,Oceania
'95b5264574',extremes,Heat Wave,#c40202,wmo,Heat Wave Canada,2026-08-23T03:30:00+00:00,Canada,0.6757741832424686,1,2,en,NEN,North-America
'431910f829',extremes,Flood,#030ba1,wmo,Flooding Wells IN,2026-09-18T07:34:00+00:00,United States,0.6751940926004486,1,2,en,CNA,North-America
'0b40d28ca0',extremes,Snow&Ice,#d60d2b,wmo,Ice Canada,2026-09-03T07:20:00+00:00,Canada,0.6744737470630587,2,3,en,NEN,North-America
'7f4bbe1e4f',extremes,Thunderstorm,#53785a,wmo,Severe Weather Zimbabwe,2026-10-01T09:18:00+00:00,Zimbabwe,0.6728731869595269,1,1,en,ESAF,Africa
'5b6e7863c8',extremes,Flood,#030ba1,acwe,high water level Victoria,2026-10-03T08:28:00+00:00,Australia,0.6703702838714933,1,2,en,SAU,Oceania
'7bb33e1fd2',extremes,Wildfire,#d60d2b,effis,Wildfire Ireland,2026-09-26T07:58:00+00:00,Ireland,0.6685064103918334,1,1,en,NEU,Europe
'1617e554bb',extremes,Storm,#b3b2b1,wmo,Storm Surge Coastal and offshore areas.,2026-09-14T08:04:00+00:00,Belize,0.6684372929539072,1,1,en,SCA,North-America
'41f3b5b396',extremes,Storm,#b3b2b1,aidr,Storm Severe wind and rainfall Victoria 2024,2026-08-27T13:01:00+00:00,Australia,0.6656437581752624,1,1,en,SAU,Oceania
'f90fa202e5',extremes,Precipitation,#d60d2b,wmo,Precipitation The entire country.,2026-09-05T07:05:00+00:00,Botswana,0.664596784607732,1,2,en,WSAF,Africa
'e6d71be0be',extremes,Flood,#030ba1,wmo,Flood Allen IN,2026-09-20T07:53:00+00:00,United States,0.6643356647685812,1,2,en,CNA,North-America
'1c7749f12f',extremes,Storm,#b3b2b1,wmo,Storm Seychelles,2026-08-28T14:32:00+00:00,Seychelles,0.6633924989108345,1,1,en,EIO,Africa
'd53ef05f64',extremes,Precipitation,#d60d2b,acwe,wet spell Western Australia,2026-08-31T08:51:00+00:00,Australia,0.6631360639066369,1,1,en,CAU,Oceania
'5bbe9c0082',extremes,Storm,#b3b2b1,wmo,Storm Surge Canada,2026-09-12T07:19:00+00:00,Canada,0.6629128629037135,1,1,en,NEN,North-America
'fd1eb3ee37',extremes,Heat Wave,#c40202,wmo,Heat Wave Grand Canyon Country,2026-08-25T03:27:00+00:00,United States,0.6624914519704593,2,2,en,CNA,North-America
'829105287e',extremes,Storm,#b3b2b1,wmo,Storm Jamaica,2026-08-27T13:00:00+00:00,Jamaica,0.6616778130960608,1,1,en,CAR,North-America
'3b0171e57c',extremes,Drought,#edc291,edo,Dryness Kenya,2026-08-27T13:00:00+00:00,Kenya,0.6616127023482274,2,2,en,SEAF,Africa
'da307952db',extremes,Precipitation,#d60d2b,wmo,Downpour Ireland,2026-09-12T07:19:00+00:00,Ireland,0.6615101062545097,1,1,en,NEU,Europe
'0f0c46c2b9',extremes,Precipitation,#d60d2b,acwe,precipitation South Australia,2026-10-02T08:51:00+00:00,Australia,0.6603866605464319,1,1,en,CAU,Oceania
'0be4651fa9',extremes,Flood,#030ba1,acwe,high water level New South Wales,2026-09-28T08:54:00+00:00,Australia,0.6585076853561338,1,1,en,EAU,Oceania
'19312d8f44',extremes,Snow&Ice,#d60d2b,wmo,Frost New Zealand,2026-08-30T08:30:00+00:00,New Zealand,0.6584185245708376,1,1,en,NZ,Oceania
'0006615477',extremes,Precipitation,#d60d2b,wmo,Torrential Rain Canada,2026-08-28T14:32:00+00:00,Canada,0.6575783986512229,1,1,en,NEN,North-America
'b40495b93f',extremes,Precipitation,#d60d2b,wmo,Precipitation New Zealand,2026-09-15T07:59:00+00:00,New Zealand,0.657477750929429,1,1,en,NZ,Oceania
'314d696add',extremes,Snow&Ice,#d60d2b,wmo,Snow United States,2026-08-31T08:51:00+00:00,United States,0.657045084796687,1,2,en,CNA,North-America
'5b35936697',extremes,Storm,#b3b2b1,wmo,Storm Eastern Region,2026-09-24T07:46:00+00:00,Solomon Islands,0.6557789458125668,1,2,en,EPO,Oceania
'8d4d1faca9',extremes,Drought,#edc291,edo,Lack of Rain Dominica,2026-09-01T07:58:00+00:00,Dominica,0.6556614515059607,1,1,en,CAR,North-America
'cbfcf75ee1',extremes,Drought,#edc291,emdat,Drought Wajir,2026-08-27T13:01:00+00:00,Kenya,0.6556593226681128,1,1,en,SEAF,Africa
'70f725b0f1',extremes,Tropical Cyclone,#4f4f4f,wmo,Tropical Cyclone United States,2026-09-07T07:29:00+00:00,United States,0.6542910460942513,1,1,en,CNA,North-America
'5a8587427b',extremes,Snow&Ice,#d60d2b,wmo,Freezing United States,2026-08-28T14:32:00+00:00,United States,0.6536718153005437,1,2,en,CNA,North-America
'c1c92d4087',extremes,Tropical Cyclone,#4f4f4f,wmo,Hurricane Big Island South,2026-09-24T07:46:00+00:00,United States,0.6533271450008812,1,2,en,CNA,North-America
'cbd214af74',extremes,Drought,#edc291,edo,Dryness Uganda,2026-09-16T07:52:00+00:00,Uganda,0.6526605108584783,1,1,en,SEAF,Africa
'b1b3df41d6',extremes,Thunderstorm,#53785a,wmo,Thunderstorm Australia,2026-09-23T07:55:00+00:00,Australia,0.6511833796941252,1,1,en,CAU,Oceania
'6fc6c9445e',extremes,Snow&Ice,#d60d2b,wmo,Freezing Australia,2026-09-05T07:05:00+00:00,Australia,0.6507035409667472,1,2,en,CAU,Oceania
'c2ececbbb4',extremes,Drought,#edc291,edo,Dry Spell Belize,2026-09-02T07:17:00+00:00,Belize,0.6506690493640369,1,1,en,SCA,North-America
'7f706810c1',extremes,Flood,#030ba1,wmo,Flood United Kingdom,2026-09-04T07:23:00+00:00,United Kingdom,0.6500133345117387,1,2,en,NEU,Europe
'7e1647f26a',extremes,Flood,#030ba1,wmo,Flood Ganga Kahalgaon Bhagalpur Bihar,2026-09-02T07:16:00+00:00,India,0.6492225447611712,1,1,en,SAS,Asia
'ec60b7df34',extremes,Heat Wave,#c40202,wmo,Heat Wave United States,2026-09-06T07:16:00+00:00,United States,0.649007162366058,1,2,en,CNA,North-America
'3b2210ba28',extremes,Flood,#030ba1,wmo,Flood Ganga Hathidah Patna Bihar,2026-08-30T08:30:00+00:00,India,0.6486496945037341,1,1,en,SAS,Asia
'1eecfd582b',extremes,Drought,#edc291,edo,Dry Spell Puerto Rico,2026-08-30T08:30:00+00:00,Puerto Rico,0.648507381843461,1,1,en,CAR,North-America
'0f23209d1b',extremes,Thunderstorm,#53785a,wmo,Thunderstorm Seychelles,2026-09-04T07:23:00+00:00,Seychelles,0.6484460074939858,1,1,en,EIO,Africa
'aff561d50a',extremes,Storm,#b3b2b1,wmo,Storm New Zealand,2026-09-25T08:06:00+00:00,New Zealand,0.6484390117321679,1,2,en,NZ,Oceania
'78851ec32a',extremes,Precipitation,#d60d2b,meteo,Precipitation Ireland,2026-09-12T07:19:00+00:00,Ireland,0.6477269057996673,1,1,en,NEU,Europe
'be45bca4a8',extremes,Fog,#d60d2b,wmo,Fog United States,2026-08-27T13:00:00+00:00,United States,0.647473293109199,1,2,en,CNA,North-America
'cb0dc09b04',extremes,Drought,#edc291,edo,Lack of Rain Ireland,2026-08-23T03:30:00+00:00,Ireland,0.6471080901531882,1,2,en,NEU,Europe
'98b2023d88',extremes,Thunderstorm,#53785a,wmo,Thunderstorm Zimbabwe,2026-09-28T08:54:00+00:00,Zimbabwe,0.6468791395317893,1,1,en,ESAF,Africa
'cce4634973',extremes,Drought,#edc291,edo,Dry Spell Kenya,2026-08-29T09:19:00+00:00,Kenya,0.6467145345381419,1,1,en,SEAF,Africa
'bd8ddf35a6',extremes,Thunderstorm,#53785a,wmo,Hail Zimbabwe,2026-09-29T08:53:00+00:00,Zimbabwe,0.646654563972183,1,1,en,ESAF,Africa
'e7d4154a2d',extremes,Heat Wave,#c40202,acwe,warm spell Tasmania,2026-09-28T08:54:00+00:00,Australia,0.6465669093053978,1,1,en,SAU,Oceania
'48bbc2ab73',extremes,Thunderstorm,#53785a,wmo,Thunderstorm Ghana,2026-09-29T08:53:00+00:00,Ghana,0.6463735580273942,1,1,en,WAF,Africa
'90522631da',extremes,Precipitation,#d60d2b,wmo,Precipitation India,2026-09-03T07:20:00+00:00,India,0.6459274408412002,1,2,en,SAS,Asia
'5b34407f4a',extremes,Wildfire,#d60d2b,acwe,wildfire Tasmania,2026-08-28T14:32:00+00:00,Australia,0.6457179465589762,1,1,en,SAU,Oceania
'cef1295ec5',extremes,Wildfire,#d60d2b,effis,Wild Fire United Kingdom,2026-09-26T07:58:00+00:00,United Kingdom,0.6449739635834305,1,1,en,NEU,Europe
'deb4d35fc2',extremes,Drought,#edc291,edo,Lack of Rain Guyana,2026-09-20T07:53:00+00:00,Guyana,0.6449462764618454,1,1,en,NSA,South-America
'854af57bd3',extremes,Fog,#d60d2b,wmo,Fog Canada,2026-09-02T07:16:00+00:00,Canada,0.6446754861170864,1,2,en,NEN,North-America
'2072c25fd3',extremes,Drought,#edc291,edo,Dry Spell Guyana,2026-09-21T08:09:00+00:00,Guyana,0.6444976802740264,1,1,en,NSA,South-America
'9c28bd8698',extremes,Drought,#edc291,edo,Dry Spell South Sudan,2026-09-09T07:32:00+00:00,South Sudan,0.6444778757513435,1,1,en,NEAF,Africa
'b75b56bc33',extremes,Drought,#edc291,edo,Dryness Dominica,2026-09-10T07:28:00+00:00,Dominica,0.6443400270417144,1,1,en,CAR,North-America
'7df86bf1c9',extremes,Snow&Ice,#d60d2b,wmo,Snow Australia,2026-08-26T03:34:00+00:00,Australia,0.6426191126072713,1,2,en,CAU,Oceania
'80e021d8c4',extremes,Snow&Ice,#d60d2b,wmo,Ice United States,2026-09-02T07:16:00+00:00,United States,0.6425865858950291,1,2,en,CNA,North-America
'3281a2283c',extremes,Snow&Ice,#d60d2b,wmo,Frost Canada,2026-09-09T07:32:00+00:00,Canada,0.6421573800447374,1,2,en,NEN,North-America
'56ec1d3897',extremes,Drought,#edc291,edo,Drought Uganda,2026-09-14T08:04:00+00:00,Uganda,0.6421249862015219,1,1,en,SEAF,Africa
'7c626bfc6a',extremes,Precipitation,#d60d2b,wmo,Precipitation The ranges of The Westland District,2026-09-15T07:59:00+00:00,New Zealand,0.6420444199088967,1,1,en,NZ,Oceania
'27fd81d198',extremes,Storm,#b3b2b1,wmo,Storm Solomon Islands,2026-09-09T07:32:00+00:00,Solomon Islands,0.6418232217112492,1,1,en,EPO,Oceania
'd77f706cf0',extremes,Storm,#b3b2b1,wmo,Storm Gjoa Haven,2026-09-28T08:54:00+00:00,Canada,0.6416281625765052,1,1,en,NEN,North-America
'524d66060f',extremes,Drought,#edc291,edo,Dryness South Sudan,2026-10-03T08:28:00+00:00,South Sudan,0.6407405852860818,1,1,en,NEAF,Africa
'393400b105',extremes,Drought,#edc291,edo,Dryness Puerto Rico,2026-10-06T09:15:00+00:00,Puerto Rico,0.6405198849180004,1,1,en,CAR,North-America
'f497a982c3',extremes,Storm,#b3b2b1,wmo,Storm Surge Solomon Islands,2026-09-20T07:53:00+00:00,Solomon Islands,0.6404404946534354,1,1,en,EPO,Oceania
'531f521f39',extremes,Snow&Ice,#d60d2b,wmo,Frost United States,2026-09-13T07:37:00+00:00,United States,0.6401092315444404,1,2,en,CNA,North-America
'5f0b68fcc5',extremes,Storm,#b3b2b1,aidr,Storm Melbourne Victoria 2020,2026-09-17T07:56:00+00:00,Australia,0.6400915836706053,1,1,en,SAU,Oceania
'f90c4e3c4c',extremes,Tropical Cyclone,#4f4f4f,wmo,Tropical Cyclone Niihau,2026-09-07T07:29:00+00:00,United States,0.6398885855652463,1,1,en,CNA,North-America
'd02ceb99c3',extremes,Storm,#b3b2b1,wmo,Storm Surge Agalega,2026-09-16T07:52:00+00:00,Mauritius,0.6397601827143776,1,1,en,SIO,Africa
'b13d8429b3',extremes,Storm,#b3b2b1,wmo,Storm Northeastern Ghana,2026-09-17T07:56:00+00:00,Ghana,0.6394021235728924,1,1,en,WAF,Africa
'de73f97ff0',extremes,Wildfire,#d60d2b,acwe,wildfire Western Australia,2026-08-30T08:30:00+00:00,Australia,0.6391229201604679,1,2,en,CAU,Oceania
'9d2d9fb469',extremes,Tropical Cyclone,#4f4f4f,wmo,Typhoon United States,2026-09-06T07:16:00+00:00,United States,0.6390728858444602,1,2,en,CNA,North-America
'4568956e40',extremes,Storm,#b3b2b1,wmo,Storm Surge Botswana,2026-09-06T07:16:00+00:00,Botswana,0.6389683096353509,1,1,en,WSAF,Africa
'ce4d5cd14d',extremes,Storm,#b3b2b1,wmo,Storm Surge Most waters,2026-09-12T07:19:00+00:00,Solomon Islands,0.6385253336385183,1,1,en,EPO,Oceania
'68a565abbc',extremes,Storm,#b3b2b1,wmo,Storm Surge New Zealand,2026-09-18T07:34:00+00:00,New Zealand,0.6385197691442569,1,1,en,NZ,Oceania
'bbbc0a78c7',extremes,Drought,#edc291,edo,Dryness Fiji,2026-08-30T08:30:00+00:00,Fiji,0.6383169484005792,1,1,en,,
'9360b8b9af',extremes,Storm,#b3b2b1,wmo,Storm Salluit Kangiqsujuaq Raglan Lake,2026-09-23T07:55:00+00:00,Canada,0.638112441415697,1,1,en,NEN,North-America
'97a5343951',extremes,Precipitation,#d60d2b,wmo,Rain Seychelles,2026-09-20T07:53:00+00:00,Seychelles,0.638030791909975,1,1,en,EIO,Africa
'a53b782c59',extremes,Snow&Ice,#d60d2b,wmo,Freezing Canada,2026-09-12T07:19:00+00:00,Canada,0.6378742578609329,1,2,en,NEN,North-America
'2617cc6cc9',extremes,Earthquake,#870007,usgs,Earthquake New Zealand,2026-09-23T07:55:00+00:00,New Zealand,0.6374289473453133,1,2,en,NZ,Oceania
'2433af70de',extremes,Storm,#b3b2b1,wmo,Storm Surge Belize,2026-09-10T07:28:00+00:00,Belize,0.637305174211986,1,1,en,SCA,North-America
'c0a78137a9',extremes,Thunderstorm,#53785a,wmo,Hail India,2026-08-31T08:51:00+00:00,India,0.6365259785387235,1,2,en,SAS,Asia
'3c35edb296',extremes,Thunderstorm,#53785a,wmo,Thunderstorm Botswana,2026-09-04T07:23:00+00:00,Botswana,0.6361152596059846,1,1,en,WSAF,Africa
'c5260711ba',extremes,Fog,#d60d2b,wmo,Fog Gatineau,2026-09-03T07:20:00+00:00,Canada,0.6356414503771726,1,1,en,NEN,North-America
'8cd0067da6',extremes,Heat Wave,#c40202,wmo,Heat Wave Windsor Leamington Essex County,2026-08-31T08:51:00+00:00,Canada,0.6345952640200229,1,1,en,NEN,North-America
'b47c7fe559',extremes,Snow&Ice,#d60d2b,wmo,Ice Desert Road SH1,2026-09-07T07:29:00+00:00,New Zealand,0.6344877617376927,1,1,en,NZ,Oceania
'af6965c814',extremes,Thunderstorm,#53785a,wmo,Severe Weather Seychelles,2026-09-03T07:20:00+00:00,Seychelles,0.6343977102393737,1,1,en,EIO,Africa
'9044bc0335',extremes,Earthquake,#870007,usgs,Earthquake Georgetown,2026-09-14T08:04:00+00:00,Saint Helena,0.6343459769511294,1,1,en,EAO,Atlantic Ocean
'a2c72301a8',extremes,Drought,#edc291,edo,Drought Cameroon,2026-09-12T07:19:00+00:00,Cameroon,0.6339679592767455,1,1,en,CAF,Africa
'8ae1582ca9',extremes,Snow&Ice,#d60d2b,wmo,Ice Lindis Pass SH8,2026-09-09T07:32:00+00:00,New Zealand,0.6339292430617091,1,1,en,NZ,Oceania
'39633cfdfa',extremes,Snow&Ice,#d60d2b,wmo,Snow Central Brooks Range,2026-08-29T09:18:00+00:00,United States,0.6338693996208904,1,1,en,CNA,North-America
'68c777ad04',extremes,Heat Wave,#c40202,wmo,Heat Wave Yavapai County Valleys and Basins,2026-08-28T14:32:00+00:00,United States,0.6337848125876188,1,1,en,CNA,North-America
'9f6910b9f3',extremes,Precipitation,#d60d2b,wmo,Torrential Rain Seychelles,2026-09-07T07:29:00+00:00,Seychelles,0.6336691617788781,1,1,en,EIO,Africa
'84a2fde8e0',extremes,Heat Wave,#c40202,wmo,Heat Wave Australia,2026-09-27T08:29:00+00:00,Australia,0.6336180347724994,1,2,en,CAU,Oceania
'132a964bac',extremes,Drought,#edc291,edo,Dryness Guyana,2026-09-27T08:29:00+00:00,Guyana,0.6335363876703485,1,1,en,NSA,South-America
'db0dc2e604',extremes,Precipitation,#d60d2b,wmo,Precipitation Seychelles,2026-09-06T07:16:00+00:00,Seychelles,0.6334122702086286,1,1,en,EIO,Africa
'3d6bde5b08',extremes,Storm,#b3b2b1,wmo,Storm Surge Seychelles,2026-09-16T07:52:00+00:00,Seychelles,0.6333158672684515,1,1,en,EIO,Africa
'15ce6add21',extremes,Flood,#030ba1,wmo,Flood Inverness Victoria Counties,2026-09-09T07:32:00+00:00,Canada,0.6333117180046932,1,1,en,NEN,North-America
'355b86f57d',extremes,Snow&Ice,#d60d2b,wmo,Snow Lindis Pass SH8,2026-09-16T07:52:00+00:00,New Zealand,0.633166441538408,1,1,en,NZ,Oceania
'fadb40c11c',extremes,Snow&Ice,#d60d2b,wmo,Frost Porters Pass SH73,2026-09-16T07:52:00+00:00,New Zealand,0.6328871776450442,1,1,en,NZ,Oceania
'5e82c4455d',extremes,Snow&Ice,#d60d2b,wmo,Ice Porters Pass SH73,2026-09-09T07:32:00+00:00,New Zealand,0.6326417878433042,1,1,en,NZ,Oceania
'037bb37761',extremes,Flood,#030ba1,wmo,Flood United States,2026-09-17T07:56:00+00:00,United States,0.6326130183683512,1,2,en,CNA,North-America
'cd1099f5c7',extremes,Snow&Ice,#d60d2b,wmo,Snow Anchorage Lower Matanuska Valley,2026-08-31T08:51:00+00:00,United States,0.6324124404183664,1,1,en,CNA,North-America
'3dea46c095',extremes,Flood,#030ba1,wmo,Flashflood United States,2026-09-04T07:23:00+00:00,United States,0.6322743022586474,1,1,en,CNA,North-America
'edcb89e9c3',extremes,Earthquake,#870007,usgs,Earthquake Papua New Guinea,2026-08-27T13:00:00+00:00,Papua New Guinea,0.6322007991327001,1,1,en,EPO,Pacific Ocean
'243cd35b63',extremes,Wildfire,#d60d2b,effis,Bushfire United Kingdom Gwent Valleys Caerphilly,2026-08-28T14:32:00+00:00,United Kingdom,0.6321501966865479,1,1,en,NEU,Europe
'c60d3daef0',extremes,Snow&Ice,#d60d2b,wmo,Ice Milford Road SH94,2026-09-15T07:59:00+00:00,New Zealand,0.6319871834099635,1,1,en,NZ,Oceania
'fcb75bb2ab',extremes,Tropical Cyclone,#4f4f4f,wmo,Typhoon Niihau,2026-09-08T07:23:00+00:00,United States,0.6317811227935741,1,1,en,CNA,North-America
'e14d1ca1b6',extremes,Snow&Ice,#d60d2b,wmo,Frost Anchorage Lower Matanuska Valley,2026-09-02T07:16:00+00:00,United States,0.6315508221234922,1,1,en,CNA,North-America
'7d13279eb3',extremes,Storm,#b3b2b1,wmo,Storm Surge Jamaica,2026-09-12T07:19:00+00:00,Jamaica,0.6313503017736279,1,1,en,CAR,North-America
'5998b1a528',extremes,Thunderstorm,#53785a,wmo,Hail Seychelles,2026-09-09T07:32:00+00:00,Seychelles,0.6312977883040244,1,1,en,EIO,Africa
'0daf635b12',extremes,Storm,#b3b2b1,wmo,Storm Surge Kachemak Bay,2026-08-28T14:32:00+00:00,United States,0.6311051597277573,1,1,en,CNA,North-America
'5251c59f20',extremes,Tropical Cyclone,#4f4f4f,wmo,Typhoon Kauai Mountains,2026-09-08T07:23:00+00:00,United States,0.6309562412476347,1,1,en,CNA,North-America
'6c435b8785',extremes,Storm,#b3b2b1,wmo,Storm Surge offshore Morant Bank area,2026-09-14T08:04:00+00:00,Jamaica,0.6309298666560537,1,1,en,CAR,North-America
'0241914b74',extremes,Fog,#d60d2b,wmo,Fog Glacier Bay,2026-08-28T14:32:00+00:00,United States,0.6307830387585511,1,1,en,CNA,North-America
'd8a981c851',extremes,Earthquake,#870007,usgs,Earthquake Lorengau,2026-08-27T13:00:00+00:00,Papua New Guinea,0.6302341029514645,1,1,en,EPO,Pacific Ocean
'e362409cd6',extremes,Flood,#030ba1,wmo,Flashflood Angelina TX Polk TX Trinity TX,2026-09-03T07:20:00+00:00,United States,0.6300032461468448,1,1,en,CNA,North-America
'0dedeac327',extremes,Precipitation,#d60d2b,wmo,Torrential Rain Fiordland,2026-09-14T08:04:00+00:00,New Zealand,0.6298968019712029,1,1,en,NZ,Oceania
'9c6918ae5a',extremes,Storm,#b3b2b1,wmo,Storm Surge Salluit,2026-09-05T07:05:00+00:00,Canada,0.6298890622548198,1,1,en,NEN,North-America
'09deb2b40e',extremes,Drought,#edc291,edo,Lack of Rain Belize,2026-09-23T07:55:00+00:00,Belize,0.6298202545517921,1,1,en,SCA,North-America
'5354d93f4a',extremes,Flood,#030ba1,wmo,Flooding Tasmania Derwent River,2026-09-03T07:20:00+00:00,Australia,0.62974696172561,1,1,en,CAU,Oceania
'8c2b565540',extremes,Drought,#edc291,edo,Dry Spell Uganda,2026-09-05T07:05:00+00:00,Uganda,0.6296407781709952,1,1,en,SEAF,Africa
'778d256165',extremes,Flood,#030ba1,wmo,Flashflood India,2026-09-01T07:58:00+00:00,India,0.6296089133275964,1,1,en,SAS,Asia
'8d0ed31346',extremes,Snow&Ice,#d60d2b,wmo,Ice Gatineau,2026-09-24T07:46:00+00:00,Canada,0.6295735949598108,1,1,en,NEN,North-America
'0778dec769',extremes,Fog,#d60d2b,wmo,Fog Carlton South St. Louis,2026-08-31T08:51:00+00:00,United States,0.6294826671825212,1,1,en,CNA,North-America
'37e00b91b5',extremes,Flood,#030ba1,wmo,Flooding Kosi Kursela Katihar Bihar,2026-09-01T07:58:00+00:00,India,0.6293248345112984,1,1,en,SAS,Asia
'e988f09f69',extremes,Drought,#edc291,edo,Dryness Bahamas,2026-09-06T07:16:00+00:00,Bahamas,0.6292417088191045,1,1,en,CAR,North-America
'3ccbf0fd75',extremes,Flood,#030ba1,wmo,Flooding Erie PA,2026-09-03T07:20:00+00:00,United States,0.6290991635478611,1,1,en,CNA,North-America
'66064d117a',extremes,Fog,#d60d2b,wmo,Fog Cloud Clay Riley Ottawa,2026-09-17T07:56:00+00:00,United States,0.6290599644301791,1,1,en,CNA,North-America
'd26ddb7dbb',extremes,Precipitation,#d60d2b,wmo,Precipitation West Vancouver Island,2026-09-02T07:16:00+00:00,Canada,0.6289684733447763,1,1,en,NEN,North-America
'29478bc19b',extremes,Tropical Cyclone,#4f4f4f,wmo,Hurricane Kiska to Attu Pacific Side,2026-10-07T09:06:00+00:00,United States,0.6288228381109876,1,1,en,CNA,North-America
'707e3ee5c5',extremes,Storm,#b3b2b1,wmo,Storm Lake Winnipegosis South Shores.,2026-09-15T07:59:00+00:00,Canada,0.6287041888737451,1,1,en,NEN,North-America
'6d01caced3',extremes,Drought,#edc291,edo,Dryness Belize,2026-09-09T07:32:00+00:00,Belize,0.6286398481493077,1,1,en,SCA,North-America
'0ed48304ba',extremes,Snow&Ice,#d60d2b,wmo,Frost Star Valley,2026-09-14T08:04:00+00:00,United States,0.6285670691707577,1,1,en,CNA,North-America
'2cedbcfee7',extremes,Storm,#b3b2b1,wmo,Storm Surge Eastern region and southern waters.,2026-10-02T08:51:00+00:00,Solomon Islands,0.6283673050602929,1,1,en,EPO,Oceania
'b368e06a87',extremes,Flood,#030ba1,wmo,Flooding Hardin TX Jefferson TX,2026-09-04T07:23:00+00:00,United States,0.6283161214963495,1,1,en,CNA,North-America
'c605f8759a',extremes,Earthquake,#870007,usgs,Earthquake Guam,2026-09-11T07:27:00+00:00,Guam,0.6282602684731513,1,1,en,NPO,Pacific Ocean
'11992a5ec0',extremes,Flood,#030ba1,wmo,Flooding Anderson TX Cherokee TX,2026-09-03T07:20:00+00:00,United States,0.6282194046511365,1,1,en,CNA,North-America
'bc7568d379',extremes,Flood,#030ba1,wmo,Flashflood Hardin TX Jefferson TX,2026-09-05T07:05:00+00:00,United States,0.6281410912887848,1,1,en,CNA,North-America
'0b7da97434',extremes,Flood,#030ba1,wmo,Flashflood Victoria Kiewa River,2026-09-07T07:29:00+00:00,Australia,0.6280083535624051,1,1,en,CAU,Oceania
'3336c980ab',extremes,Earthquake,#870007,usgs,Earthquake Saint Helena,2026-09-17T07:56:00+00:00,Saint Helena,0.6279966668540217,1,1,en,EAO,Atlantic Ocean
'1f3b00bc47',extremes,Flood,#030ba1,wmo,Flashflood Clinton PA Lycoming PA,2026-09-03T07:20:00+00:00,United States,0.6278540286934662,1,1,en,CNA,North-America
'ecafa59592',extremes,Flood,#030ba1,wmo,Flood Victoria Kiewa River,2026-09-03T07:20:00+00:00,Australia,0.6278432028093556,1,1,en,CAU,Oceania
'f2d8a901f9',extremes,Snow&Ice,#d60d2b,wmo,Frost Milford Road SH94,2026-09-26T07:58:00+00:00,New Zealand,0.6277798561743664,1,1,en,NZ,Oceania
'c71c86364e',extremes,Flood,#030ba1,wmo,Flashflood Tasmania Mersey River,2026-09-05T07:05:00+00:00,Australia,0.6277486786340786,1,1,en,CAU,Oceania
'421b67f892',extremes,Tropical Cyclone,#4f4f4f,wmo,Tropical Cyclone Kauai Mountains,2026-09-07T07:29:00+00:00,United States,0.6276876516171195,1,1,en,CNA,North-America
'9c82155ed9',extremes,Tropical Cyclone,#4f4f4f,wmo,Typhoon West Cameron,2026-09-01T07:58:00+00:00,United States,0.6276371871673725,1,1,en,CNA,North-America
'f527a6c27d',extremes,Tropical Cyclone,#4f4f4f,wmo,Typhoon Kauai Southwest,2026-09-07T07:29:00+00:00,United States,0.6274761434023113,1,1,en,CNA,North-America
'577a43566a',extremes,Precipitation,#d60d2b,wmo,Downpour Belize,2026-09-13T07:37:00+00:00,Belize,0.6274386753152327,1,1,en,SCA,North-America
'a4e41d3dc6',extremes,Snow&Ice,#d60d2b,wmo,Snow Naujaat,2026-09-28T08:54:00+00:00,Canada,0.627233197173649,1,1,en,NEN,North-America
'e0ee13f0a6',extremes,Storm,#b3b2b1,wmo,Storm Kachemak Bay,2026-08-27T13:00:00+00:00,United States,0.6270351854246022,1,1,en,CNA,North-America
'26862b1b5f',extremes,Drought,#edc291,edo,Drought Dominica,2026-10-02T08:51:00+00:00,Dominica,0.6270262205696542,1,1,en,CAR,North-America
'0d0b4f15b5',extremes,Snow&Ice,#d60d2b,wmo,Freezing Gatineau,2026-09-22T07:54:00+00:00,Canada,0.6269421637282452,1,1,en,NEN,North-America
'8dc9f63ca6',extremes,Precipitation,#d60d2b,wmo,Precipitation Zimbabwe,2026-09-30T08:53:00+00:00,Zimbabwe,0.6268737591525888,1,1,en,ESAF,Africa
'3108c07f63',extremes,Flood,#030ba1,wmo,Flashflood Polk TX,2026-09-02T07:16:00+00:00,United States,0.6266941288274415,1,1,en,CNA,North-America
'02990345f3',extremes,Flood,#030ba1,wmo,Flashflood Tasmania Macquarie River,2026-09-03T07:20:00+00:00,Australia,0.6266812067673476,1,1,en,CAU,Oceania
'ad41fee440',extremes,Earthquake,#870007,usgs,Earthquake Lata,2026-09-27T08:28:00+00:00,Solomon Islands,0.6265008947027094,1,1,en,SPO,Pacific Ocean
'aed5ad0081',extremes,Storm,#b3b2b1,wmo,Storm Surge Lake Eastern Shores.,2026-09-15T07:59:00+00:00,Canada,0.6264832712844652,1,1,en,NEN,North-America
'b9347383fb',extremes,Flood,#030ba1,wmo,Flooding Victoria Avoca River,2026-09-06T07:16:00+00:00,Australia,0.6264288257664963,1,1,en,CAU,Oceania
'f66ac79afb',extremes,Flood,#030ba1,wmo,Flood Polk TX San Jacinto TX,2026-09-03T07:20:00+00:00,United States,0.6263639909435921,1,1,en,CNA,North-America
'51dfc3f3e1',extremes,Earthquake,#870007,usgs,Earthquake Kokopo,2026-08-27T13:00:00+00:00,Papua New Guinea,0.6261717444983674,1,1,en,EPO,Oceania
'7aa008bd6e',extremes,Flood,#030ba1,wmo,Flashflood Sone Maner Patna Bihar,2026-08-27T13:00:00+00:00,India,0.6260614236475636,1,1,en,SAS,Asia
'08d0677c37',extremes,Flood,#030ba1,wmo,Flood Victoria Ovens and King Rivers,2026-09-04T07:23:00+00:00,Australia,0.6260281383422448,1,1,en,CAU,Oceania
'bcb04bebe0',extremes,Snow&Ice,#d60d2b,wmo,Ice Manitoulin Island,2026-10-06T09:14:00+00:00,Canada,0.6259865776337207,1,1,en,NEN,North-America
'd6f4b99127',extremes,Flood,#030ba1,wmo,Flooding Atchison KS Leavenworth KS,2026-09-17T07:56:00+00:00,United States,0.6258999905356992,1,1,en,CNA,North-America
'45bd8d6aca',extremes,Flood,#030ba1,wmo,Flood Victoria Loddon River,2026-09-03T07:20:00+00:00,Australia,0.625736896567726,1,1,en,CAU,Oceania
'c827e93f10',extremes,Tropical Cyclone,#4f4f4f,wmo,Typhoon Big Island Windward Waters,2026-09-24T07:46:00+00:00,United States,0.6257125488725905,1,1,en,CNA,North-America
'93a1b8bdd5',extremes,Fog,#d60d2b,wmo,Fog Grand Portage to Grand Marais MN,2026-09-01T07:58:00+00:00,United States,0.6255126432789768,1,1,en,CNA,North-America
'b5514709df',extremes,Tropical Cyclone,#4f4f4f,wmo,Typhoon Kauai East,2026-09-07T07:29:00+00:00,United States,0.625486524212353,1,1,en,CNA,North-America
'75b28e6213',extremes,Flood,#030ba1,wmo,Flashflood Ganga Hathidah Patna Bihar,2026-08-27T13:00:00+00:00,India,0.6254042684527719,1,1,en,SAS,Asia
'7e992daf12',extremes,Wildfire,#d60d2b,effis,Wild Fire South East Ireland,2026-09-26T07:58:00+00:00,Ireland,0.6253831808464727,1,1,en,NEU,Europe
'7278d72789',extremes,Flood,#030ba1,wmo,Flood Auglaize OH Mercer OH,2026-09-18T07:34:00+00:00,United States,0.6252201958315164,1,1,en,CNA,North-America
'95d38229f1',extremes,Precipitation,#d60d2b,wmo,Precipitation Tasman District west of Takaka,2026-09-06T07:16:00+00:00,New Zealand,0.6252017865201344,1,1,en,NZ,Oceania
'048587344c',extremes,Flood,#030ba1,wmo,Flooding Bonneville ID Jefferson ID,2026-09-18T07:34:00+00:00,United States,0.6251964442473382,1,1,en,CNA,North-America
'f22fd95fd6',extremes,Flood,#030ba1,wmo,Flashflood Kosi Kursela Katihar Bihar,2026-08-27T13:00:00+00:00,India,0.6251039123173533,1,1,en,SAS,Asia
'ffc316cf40',extremes,Drought,#edc291,edo,Dryness Liberia,2026-09-22T07:54:00+00:00,Liberia,0.6250840282084785,1,1,en,WAF,Africa
'6e640b1b80',extremes,Flood,#030ba1,wmo,Flooding McKean PA Warren PA,2026-09-03T07:20:00+00:00,United States,0.6250645749925817,1,1,en,CNA,North-America
'1242e03cf5',extremes,Flood,#030ba1,wmo,Flashflood Ganga Bhagalpur Bhagalpur Bihar,2026-09-02T07:16:00+00:00,India,0.625029410517345,1,1,en,SAS,Asia
'8fad9cb878',extremes,Precipitation,#d60d2b,wmo,Torrential Rain Cork Kerry,2026-09-12T07:19:00+00:00,Ireland,0.6248649176351254,1,1,en,NEU,Europe
'e703d6d961',extremes,Tsunami,#690191,usgs,Tsunami Port McNeill,2026-09-29T08:53:00+00:00,Canada,0.6248517877479712,1,1,en,NPO,Pacific Ocean
'ee3251f277',extremes,Storm,#b3b2b1,wmo,Storm New South Wales Eden Coast,2026-09-15T07:59:00+00:00,Australia,0.6248128243956497,1,1,en,CAU,Oceania
'aa7a229236',extremes,Flood,#030ba1,wmo,Flashflood Tasmania North Esk River,2026-09-03T07:20:00+00:00,Australia,0.62477496291017,1,1,en,CAU,Oceania
'fe3012d17e',extremes,Precipitation,#d60d2b,wmo,Torrential Rain Fiordland north of Doubtful Sound,2026-10-01T09:18:00+00:00,New Zealand,0.6246768798142983,1,1,en,NZ,Oceania
'71a012aaf9',extremes,Flood,#030ba1,wmo,Flood Randolph AR,2026-09-11T07:27:00+00:00,United States,0.6244034731667722,1,1,en,CNA,North-America
'e3fbb284a6',extremes,Precipitation,#d60d2b,wmo,Torrential Rain The Tararua Range,2026-09-26T07:58:00+00:00,New Zealand,0.6242975103408039,1,1,en,NZ,Oceania
'f96d822508',extremes,Storm,#b3b2b1,wmo,Storm Surge offshore Pedro Bank area,2026-08-29T09:18:00+00:00,Jamaica,0.624157943494873,1,1,en,CAR,North-America
'2b5e1e1e05',extremes,Flood,#030ba1,wmo,Flooding Victoria King River,2026-08-28T14:32:00+00:00,Australia,0.6241328116842816,1,1,en,CAU,Oceania
'9e21bacc56',extremes,Flood,#030ba1,wmo,Flood Calhoun IL Pike MO,2026-09-21T08:09:00+00:00,United States,0.6241173535447836,1,1,en,CNA,North-America
'bbb191592d',extremes,Flood,#030ba1,wmo,Flooding Citrus FL Levy FL Marion FL,2026-09-20T07:53:00+00:00,United States,0.6241043147520661,1,1,en,CNA,North-America
'209a0b8272',extremes,Flood,#030ba1,wmo,Flood Adams IN Allen IN Van Wert OH,2026-09-21T08:09:00+00:00,United States,0.6240190521250153,1,1,en,CNA,North-America
'98623d4dab',extremes,Wildfire,#d60d2b,acwe,bushfire Western Australia,2026-09-21T08:09:00+00:00,Australia,0.6239965863123347,1,1,en,CAU,Oceania
'feb1dafabf',extremes,Heat Wave,#c40202,acwe,mild winter New South Wales,2026-09-29T08:53:00+00:00,Australia,0.6238449764877771,1,1,en,EAU,Oceania
'8cd64ab8b9',extremes,Flood,#030ba1,wmo,Flooding Sone Maner Patna Bihar,2026-09-02T07:16:00+00:00,India,0.6238282384262677,1,1,en,SAS,Asia
'4fdf985b19',extremes,Flood,#030ba1,wmo,Flashflood Snyder PA Union PA,2026-09-03T07:20:00+00:00,United States,0.6237148295891926,1,1,en,CNA,North-America
'fbff27e12c',extremes,Storm,#b3b2b1,wmo,Storm Lake Winnipeg Southern Shores.,2026-09-15T07:59:00+00:00,Canada,0.623678905891145,1,1,en,NEN,North-America
'14a65bf19e',extremes,Flood,#030ba1,wmo,Flooding Adams IN Allen IN Van Wert OH,2026-09-18T07:34:00+00:00,United States,0.6234198429263779,1,1,en,CNA,North-America
'79af82d909',extremes,Flood,#030ba1,wmo,Flooding Hillsborough FL,2026-09-10T07:28:00+00:00,United States,0.6234066371183101,1,1,en,CNA,North-America
'f122e62562',extremes,Flood,#030ba1,wmo,Flashflood Cape May NJ Cumberland NJ,2026-09-05T07:05:00+00:00,United States,0.6233129161499606,1,1,en,CNA,North-America
'68f369c7b9',extremes,Flood,#030ba1,wmo,Flood Hardin TX Liberty TX Polk TX,2026-09-04T07:23:00+00:00,United States,0.6233037469826944,1,1,en,CNA,North-America
'd5269b499c',extremes,Flood,#030ba1,wmo,Flood Houston TX Trinity TX,2026-09-03T07:20:00+00:00,United States,0.623151870549626,1,1,en,CNA,North-America
'846fa8fe30',extremes,Storm,#b3b2b1,wmo,Storm Surge Îles de la Madeleine,2026-10-05T09:29:00+00:00,Canada,0.623008556272044,1,1,en,NEN,North-America
'812745586a',extremes,Flood,#030ba1,wmo,Flashflood Hardin TX,2026-09-03T07:20:00+00:00,United States,0.6229970611831185,1,1,en,CNA,North-America
'8db658717e',extremes,Flood,#030ba1,wmo,Flashflood Australia,2026-09-30T08:53:00+00:00,Australia,0.6229721583748271,1,1,en,CAU,Oceania
'879f5a5b36',extremes,Flood,#030ba1,wmo,Flood Hillsborough FL,2026-09-10T07:28:00+00:00,United States,0.6227880109532872,1,1,en,CNA,North-America
'ca7cc53b15',extremes,Flood,#030ba1,wmo,Flooding Tasmania Meander River,2026-09-06T07:16:00+00:00,Australia,0.6227013871226262,1,1,en,CAU,Oceania
'4edbdea66a',extremes,Flood,#030ba1,wmo,Flooding Hawaii in Hawaii HI,2026-09-10T07:28:00+00:00,United States,0.6226163092076944,1,1,en,CNA,North-America
