,phrase,label,sentiment,subjectivity,language,count
Australia,,,,,,
India,,,,,,
US,,,,,,
Canada,,,,,,
the United States,,,,,,
New Zealand,,,,,,
Delhi,,,,,,
U.S.,,,,,,
Iran,,,,,,
UK,,,,,,
Ireland,,,,,,
England,,,,,,
United States,,,,,,
China,,,,,,
Ontario,,,,,,
Victoria,,,,,,
Europe,,,,,,
Nepal,,,,,,
Queensland,,,,,,
Ottawa,,,,,,
Texas,,,,,,
Toronto,,,,,,
Hawaii,,,,,,
France,,,,,,
Alberta,,,,,,
Earth,,,,,,
America,,,,,,
Western Australia,,,,,,
South Australia,,,,,,
Northeast,,,,,,
B.C.,,,,,,
Florida,,,,,,
Britain,,,,,,
Philippines,,,,,,
New South Wales,,,,,,
Ukraine,,,,,,
London,,,,,,
Rajasthan,,,,,,
California,,,,,,
Sydney,,,,,,
Melbourne,,,,,,
Guam,,,,,,
Washington,,,,,,
Mumbai,,,,,,
Israel,,,,,,
Manitoba,,,,,,
Minnesota,,,,,,
Alaska,,,,,,
Indiana,,,,,,
Africa,,,,,,
Bangladesh,,,,,,
Mexico,,,,,,
Tasmania,,,,,,
Kerala,,,,,,
Nevada,,,,,,
SYDNEY,,,,,,
Japan,,,,,,
NZ,,,,,,
Pakistan,,,,,,
Italy,,,,,,
Uttar Pradesh,,,,,,
Adelaide,,,,,,
Antarctica,,,,,,
the Middle East,,,,,,
Arctic,,,,,,
Pacific,,,,,,
Perth,,,,,,
El Niño,,,,,,
Quebec,,,,,,
the United Kingdom,,,,,,
Northern Territory,,,,,,
Russia,,,,,,
Wellington,,,,,,
Midwest,,,,,,
Los Angeles,,,,,,
Germany,,,,,,
New York,,,,,,
Uttarakhand,,,,,,
Atlantic,,,,,,
Gujarat,,,,,,
Wales,,,,,,
the Strait of Hormuz,,,,,,
Noida,,,,,,
Hormuz,,,,,,
Michigan,,,,,,
TORONTO,,,,,,
Zimbabwe,,,,,,
Metro Vancouver,,,,,,
New Zealand's,,,,,,
British Columbia,,,,,,
USA,,,,,,
Karnataka,,,,,,
Asia,,,,,,
Big Island,,,,,,
Himachal,,,,,,
Malaysia,,,,,,
South,,,,,,
Navsari,,,,,,
Antarctic,,,,,,
Silver Springs,,,,,,
Brisbane,,,,,,
Jamaica,,,,,,
South Africa,,,,,,
The United States,,,,,,
North Island,,,,,,
Oregon,,,,,,
Operation Atlantic,,,,,,
Afghanistan,,,,,,
Lebanon,,,,,,
North-West India,,,,,,
Qld,,,,,,
El Nino,,,,,,
Caribbean,,,,,,
Orlando,,,,,,
Brazil,,,,,,
Bundaberg,,,,,,
Solomon Islands,,,,,,
Myanmar,,,,,,
Northern Ireland,,,,,,
Paris,,,,,,
Venice,,,,,,
Dublin,,,,,,
Spain,,,,,,
Cuba,,,,,,
the Northern Territory,,,,,,
Maharashtra,,,,,,
Delhi-NCR,,,,,,
Indonesia,,,,,,
Wisconsin,,,,,,
Gurgaon,,,,,,
Western Australia's,,,,,,
Himachal Pradesh,,,,,,
Taiwan,,,,,,
Sri Lanka,,,,,,
West,,,,,,
Illinois,,,,,,
Azerbaijan,,,,,,
Haryana,,,,,,
Zambia,,,,,,
Kingston,,,,,,
Puerto Rico,,,,,,
Central Australia,,,,,,
Ottawa-Gatineau,,,,,,
Ont.,,,,,,
Washington D.C.,,,,,,
NEW DELHI,,,,,,
North India,,,,,,
Nigeria,,,,,,
VANCOUVER,,,,,,
Ghana,,,,,,
Thailand,,,,,,
Calgary,,,,,,
Mariana Islands,,,,,,
Tibet,,,,,,
Southern California,,,,,,
Egypt,,,,,,
Alice Springs,,,,,,
Kenya,,,,,,
Haiti,,,,,,
North America,,,,,,
Louisiana,,,,,,
New York City,,,,,,
Northland,,,,,,
Scotland,,,,,,
Saskatchewan,,,,,,
Atlanta,,,,,,
Greece,,,,,,
Plains,,,,,,
the Pacific Ocean,,,,,,
WASHINGTON,,,,,,
North Dakota,,,,,,
NEW YORK,,,,,,
Fiji,,,,,,
Hong Kong,,,,,,
Venezuela,,,,,,
Singapore,,,,,,
Ibiza,,,,,,
San Diego County,,,,,,
Chicago,,,,,,
Gaza,,,,,,
Dallas,,,,,,
the North Island,,,,,,
New Brunswick,,,,,,
Northern California,,,,,,
Miami,,,,,,
Punjab,,,,,,
the Big Island,,,,,,
Brooklyn,,,,,,
Kentucky,,,,,,
Maine,,,,,,
Arizona,,,,,,
SA,,,,,,
Colorado,,,,,,
Georgia,,,,,,
Shreveport,,,,,,
Missouri,,,,,,
Outback,,,,,,
LONDON,,,,,,
Armenia,,,,,,
Kanpur,,,,,,
Solan,,,,,,
aurora borealis,,,,,,
Cardiff,,,,,,
Strait,,,,,,
Sask,,,,,,
Prairies,,,,,,
Hawai'i,,,,,,
Tehran,,,,,,
Northern India,,,,,,
Turkey,,,,,,
Easter,,,,,,
Greater Toronto Area,,,,,,
Lake Kariba’s,,,,,,
New Delhi,,,,,,
South Yorkshire,,,,,,
Telangana,,,,,,
the Great Lakes,,,,,,
West Bengal,,,,,,
Carson City,,,,,,
Reno,,,,,,
Seychelles,,,,,,
United Kingdom,,,,,,
West Africa,,,,,,
Dubai,,,,,,
Palau,,,,,,
Beijing,,,,,,
Honaunau-Napoopoo,,,,,,
THE UNITED STATES,,,,,,
Kansas City,,,,,,
NCR,,,,,,
Mindanao,,,,,,
polarimetric,,,,,,
Hawkesbury,,,,,,
arctic,,,,,,
Qatar,,,,,,
Liverpool,,,,,,
Latvia,,,,,,
Ghaziabad,,,,,,
Philadelphia,,,,,,
Lucknow,,,,,,
Rift Valley,,,,,,
Regina,,,,,,
D.C.,,,,,,
East,,,,,,
Saudi Arabia,,,,,,
Montreal,,,,,,
Virginia,,,,,,
Middle East,,,,,,
Kashmir,,,,,,
Colombia,,,,,,
Maldives,,,,,,
Islamabad,,,,,,
Bitcoin,,,,,,
Labrador,,,,,,
Iowa,,,,,,
Parramatta,,,,,,
New Hampshire,,,,,,
Argentina,,,,,,
BC,,,,,,
the East Coast,,,,,,
East Coast,,,,,,
South Island,,,,,,
SXSW,,,,,,
Sudan,,,,,,
Pennsylvania,,,,,,
Iraq,,,,,,
Honduras,,,,,,
Ethiopia,,,,,,
Sydney Harbour,,,,,,
NYC,,,,,,
Netherlands,,,,,,
Oklahoma,,,,,,
Kolkata,,,,,,
Khabarhub,,,,,,
Srinagar,,,,,,
Mexico City,,,,,,
Canberra,,,,,,
Sabres,,,,,,
Central Florida,,,,,,
Utah,,,,,,
North Korea,,,,,,
Maritimes,,,,,,
Kansas,,,,,,
Boston,,,,,,
NY,,,,,,
Bangalore,,,,,,
Rhode Island,,,,,,
Newfoundland,,,,,,
Arctic Frost,,,,,,
Vancouver,,,,,,
Bengaluru,,,,,,
St. Catharines,,,,,,
Madagascar,,,,,,
WMO,,,,,,
New Caledonia,,,,,,
Nova Scotia,,,,,,
Hong Kong's,,,,,,
N.J.,,,,,,
the Northern Territory's,,,,,,
Burundi,,,,,,
Seattle,,,,,,
the Hong Kong Sevens,,,,,,
Amsterdam,,,,,,
glacial lake,,,,,,
Pemberton,,,,,,
Nashville,,,,,,
Prince Edward Island,,,,,,
et al,,,,,,
Aceh,,,,,,
ICC,,,,,,
South Korea,,,,,,
Korea,,,,,,
Carolinas,,,,,,
Chandigarh,,,,,,
Kodiak,,,,,,
the St. Lawrence River,,,,,,
Washington State,,,,,,
Mo.,,,,,,
Skyroot,,,,,,
Ohio,,,,,,
Kebbi,,,,,,
CHCH,,,,,,
Minneapolis,,,,,,
Himalayas,,,,,,
Western US,,,,,,
Kangaroo Island,,,,,,
Lake Simcoe,,,,,,
Tenn.,,,,,,
New Mexico,,,,,,
Vienna,,,,,,
San Diego,,,,,,
Outback Queensland,,,,,,
West Nile,,,,,,
Charlotte,,,,,,
San Francisco,,,,,,
Pacific Ocean,,,,,,
the Southern Ocean,,,,,,
Latin America,,,,,,
Vermont,,,,,,
Puerto Rico's,,,,,,
UConn,,,,,,
Medellín,,,,,,
Italia,,,,,,
Catskills,,,,,,
Gatineau,,,,,,
Crimea,,,,,,
Candidozyma,,,,,,
DC,,,,,,
Frankfurt,,,,,,
Vegas,,,,,,
Great Lakes,,,,,,
Congo,,,,,,
Komoka,,,,,,
CHARLOTTE,,,,,,
Mars,,,,,,
Detroit,,,,,,
Key West,,,,,,
West Asia,,,,,,
West Bank,,,,,,
U.S,,,,,,
Exmouth,,,,,,
North Carolina,,,,,,
Auckland,,,,,,
Bengal,,,,,,
the Atlantic Ocean,,,,,,
Iceland,,,,,,
Las Vegas,,,,,,
Papua New Guinea,,,,,,
Southern US,,,,,,
the South Island,,,,,,
Peru,,,,,,
Southwest,,,,,,
New Jersey,,,,,,
Okanagan,,,,,,
Seoul,,,,,,
Somalia,,,,,,
Vancouver Island,,,,,,
Houston,,,,,,
La.,,,,,,
Massachusetts,,,,,,
Yukon,,,,,,
St. Louis',,,,,,
Jupiter,,,,,,
Foxborough,,,,,,
NDQ,,,,,,
Denver,,,,,,
Nebraska,,,,,,
earth,,,,,,
Magic Kingdom,,,,,,
Great Salt Lake,,,,,,
Santa Rosa Island,,,,,,
Jeju,,,,,,
the Upper Midwest,,,,,,
West Coast,,,,,,
Kandaghat,,,,,,
Brantford,,,,,,
Bondi Beach,,,,,,
Lac-Simon,,,,,,
Switzerland,,,,,,
Alaskan Wilderness,,,,,,
Ill.,,,,,,
Dutton Ranch,,,,,,
Baku,,,,,,
USAID,,,,,,
North Africa,,,,,,
Tiruppur,,,,,,
the United States Geological Survey,,,,,,
Tijuana,,,,,,
Manning River,,,,,,
Central Valley,,,,,,
St. Lawrence River,,,,,,
South Texas,,,,,,
Cape Cod,,,,,,
the Persian Gulf,,,,,,
Kyoto,,,,,,
La Lima,,,,,,
Fremont,,,,,,
Snapscope,,,,,,
Seoul Incheon,,,,,,
Los Angeles County,,,,,,
Virgin Atlantic's,,,,,,
Haor,,,,,,
Pembroke,,,,,,
LOS ANGELES,,,,,,
the River Don,,,,,,
North Melbourne Demons s. Hawthorn Hawks,,,,,,
Southwestern Ontario,,,,,,
N22bn,,,,,,
Ancient Lake Agassiz,,,,,,
Niagara Falls,,,,,,
Tanguar,,,,,,
the Missouri River,,,,,,
JERSEY CITY,,,,,,
Verisk,,,,,,
Macquarie,,,,,,
St. Louis,,,,,,
Striking St. Bartholomew’s,,,,,,
Channel Islands National Park,,,,,,
Midlands,,,,,,
LA,,,,,,
Macquarie Island,,,,,,
The Tiwi Islands,,,,,,
Pa.,,,,,,
Arkansas,,,,,,
Western Europe,,,,,,
the Canadian Arctic,,,,,,
west Africa,,,,,,
MIAMI,,,,,,
the Salish Sea,,,,,,
Vaavu Atoll,,,,,,
Malé,,,,,,
Lake Tahoe,,,,,,
Solana,,,,,,
PITTSBURGH,,,,,,
marin,,,,,,
Kilauea,,,,,,
DENVER,,,,,,
KNOXVILLE,,,,,,
Hollywood,,,,,,
Kiev,,,,,,
Chatham,,,,,,
Portland,,,,,,
BRISBANE,,,,,,
New York Liberty,,,,,,
Hiroshima,,,,,,
Music City,,,,,,
ATLANTA,,,,,,
Oahu,,,,,,
the Big Ocean,,,,,,
Americas,,,,,,
Jharkhand,,,,,,
Andes,,,,,,
HARTFORD,,,,,,
Conn.,,,,,,
Maps,,,,,,
the Peace River,,,,,,
San Antonio Spurs,,,,,,
North islands,,,,,,
Baltimore,,,,,,
Western Bulldogs,,,,,,
Goa,,,,,,
Mexborough,,,,,,
Tiwi Islands,,,,,,
Madison,,,,,,
Western Canada,,,,,,
P.E.I,,,,,,
Island,,,,,,
SHANGHAI,,,,,,
East Africa,,,,,,
South Dakota,,,,,,
Western Heat Batter US,,,,,,
Mid-Atlantic,,,,,,
Crystal Beach,,,,,,
N.W.T.,,,,,,
Gulf Coast,,,,,,
the northeastern Gulf,,,,,,
Andhra Pradesh,,,,,,
Westport,,,,,,
tw,,,,,,
MOSCOW,,,,,,
Sputnik,,,,,,
Lawrence River,,,,,,
Mahar,,,,,,
San Francisco Bay Area,,,,,,
Pune,,,,,,
Southeast,,,,,,
Shoreham,,,,,,
Sevenoaks,,,,,,
Kent,,,,,,
the Soviet Union,,,,,,
Chennai,,,,,,
WASHINGTON DC,,,,,,
Washington DC,,,,,,
The United States of America,,,,,,
the United States of America,,,,,,
Monsoon batters Delhi,,,,,,
the Northern Mariana Islands,,,,,,
North-East,,,,,,
Central India,,,,,,
Typhoon Bavi,,,,,,
Guangxi,,,,,,
Hubei,,,,,,
Wayanad district,,,,,,
Idaho,,,,,,
West Arnhem Land,,,,,,
Washougal,,,,,,
the West En,,,,,,
West Coast Trail,,,,,,
the White River,,,,,,
Indianapolis,,,,,,
Godrej Hill,,,,,,
Marion County,,,,,,
Marion,,,,,,
Hamilton County,,,,,,
Sunda,,,,,,
Hurrican,,,,,,
PALAU,,,,,,
Micronesia,,,,,,
Gyirong County,,,,,,
The United Kingdom,,,,,,
Reykjavik,,,,,,
Islamic Republic,,,,,,
the Islamic Republic,,,,,,
Fernwood Hills,,,,,,
Southern California’s,,,,,,
Lucas channel,,,,,,
Warsaw,,,,,,
Catharines,,,,,,
Niagara,,,,,,
Mount Seymour Park,,,,,,
Port Arthur,,,,,,
the West Coast Trail,,,,,,
Northern Alaska,,,,,,
Libya,,,,,,
Etobicoke,,,,,,
Scarborough,,,,,,
Wrexham,,,,,,
Mali,,,,,,
Provence,,,,,,
Whakatāne River,,,,,,
Deep Cove,,,,,,
Typhoon Dolphin,,,,,,
Lethbridge,,,,,,
west Ottawa's,,,,,,
Pacific Peoples,,,,,,
Aotearoa,,,,,,
the Sargasso Sea,,,,,,
The Weddell Sea,,,,,,
Seymour Heights,,,,,,
Pradesh,,,,,,
Bihar,,,,,,
Brandon,,,,,,
southwest monsoon,,,,,,
New Zealand’s,,,,,,
Dominican Republic,,,,,,
Costa Rica,,,,,,
Mexico City’s,,,,,,
the Diamantina Zone,,,,,,
Indian Ocean,,,,,,
Albania,,,,,,
Northridge,,,,,,
U.K.,,,,,,
Gulf,,,,,,
113º F.,,,,,,
Chuphal et al.,,,,,,
west coast,,,,,,
Bay,,,,,,
Konkan,,,,,,
Shakes Anchorage,,,,,,
Curacao,,,,,,
Belfast,,,,,,
the National Oceanic,,,,,,
Kegums,,,,,,
Phillipines,,,,,,
Pacific coast,,,,,,
Daly River,,,,,,
Tribeca,,,,,,
Southwest monsoon,,,,,,
Anchorage,,,,,,
break.• England,,,,,,
Coyoacan,,,,,,
Cardrona,,,,,,
Southern Hemisphere,,,,,,
WELLINGTON,,,,,,
the West Coast Corridor Resiliency Partnership,,,,,,
Wilmington,,,,,,
Edmonton,,,,,,
New Zealand Stop-Motion Film,,,,,,
Texas county,,,,,,
Falcons,,,,,,
Senegal,,,,,,
Brumbies,,,,,,
Hurricanes,,,,,,
Ivory Coast,,,,,,
Cryp,,,,,,
L.A,,,,,,
Kaunas,,,,,,
ONTARIO,,,,,,
North Yorks,,,,,,
Calif.,,,,,,
East coast,,,,,,
Lower Manhattan,,,,,,
"the ""Canyon of Heroes",,,,,,
DALLAS,,,,,,
Shakespeare,,,,,,
Cervantes,,,,,,
Austria,,,,,,
Cornwall,,,,,,
Fairfax County,,,,,,
Landover Hills,,,,,,
Prince George's County,,,,,,
LANDOVER HILLS,,,,,,
Md.,,,,,,
the Western Europe,,,,,,
Mankota,,,,,,
Galway,,,,,,
Burnsall,,,,,,
Belleville,,,,,,
Lithuania,,,,,,
Mongolia,,,,,,
the South Pacific,,,,,,
the Tasman Sea,,,,,,
Quincy,,,,,,
Rand,,,,,,
East Milton,,,,,,
Moscow,,,,,,
Bolivia,,,,,,
Uzbekistan,,,,,,
Siberia,,,,,,
Northwest Territories,,,,,,
New York Knicks,,,,,,
Chilliwack,,,,,,
Zelensky,,,,,,
Vajiralongkorn Dam,,,,,,
NASHVILLE,,,,,,
desi,,,,,,
England v,,,,,,
Richardson Mountains,,,,,,
Virgin Atlantic,,,,,,
Jaipur,,,,,,
Mother Earth,,,,,,
Northernmost Town,,,,,,
Canton,,,,,,
MSU,,,,,,
Western Michigan,,,,,,
the Northern hemisphere,,,,,,
southern states,,,,,,
Ingrid,,,,,,
World,,,,,,
Silverton,,,,,,
Berlin,,,,,,
the Southern Andes,,,,,,
the Uspallata Valley,,,,,,
Macklin,,,,,,
Palm Springs,,,,,,
Phoenix,,,,,,
MUMBAI,,,,,,
Bollywood,,,,,,
Enniscorthy,,,,,,
Franconia,,,,,,
Vic,,,,,,
Fairford,,,,,,
Coral Sea,,,,,,
CALGARY,,,,,,
Gulf Stream,,,,,,
Green Bay,,,,,,
South Sydney,,,,,,
Ohtani,,,,,,
Memopezil,,,,,,
Connecticut,,,,,,
Matildas,,,,,,
Fredericton,,,,,,
the Far North District,,,,,,
Burnett River,,,,,,
the United Arab Emirates,,,,,,
U.S.A.,,,,,,
Lake Village,,,,,,
Kapalua,,,,,,
Far South,,,,,,
FAIRBANKS,,,,,,
Tibooburra,,,,,,
the Holy Land,,,,,,
Shark Bay,,,,,,
NSW,,,,,,
Serbia,,,,,,
the United States Geological ​Survey,,,,,,
Lyon,,,,,,
Bison,,,,,,
Kepone,,,,,,
eastern Ontario,,,,,,
the White Continent,,,,,,
Northern Wisconsin,,,,,,
Northern Michigan,,,,,,
Illinios,,,,,,
Lower Dega,,,,,,
British Columbia's,,,,,,
Red Sunset,,,,,,
the Snowy Mountains,,,,,,
olive grove,,,,,,
Hendra,,,,,,
the aurora borealis,,,,,,
The Northern Territory,,,,,,
South Coast:,,,,,,
Sea,,,,,,
Sky,,,,,,
Narelle,,,,,,
Austra,,,,,,
Shandong,,,,,,
Northern Australia,,,,,,
Eagle Pass,,,,,,
proglacial lake diatoms,,,,,,
the West Bank,,,,,,
Far North Queensland,,,,,,
Katherine,,,,,,
Türkiye,,,,,,
Burin Peninsula,,,,,,
the Great Plains,,,,,,
Bellarine Peninsula,,,,,,
Barkly,,,,,,
West Antarctica,,,,,,
Central Peru,,,,,,
the Caribbean Sea,,,,,,
Mohali,,,,,,
Panchkula,,,,,,
North East India,,,,,,
Kamloops,,,,,,
Southern Alberta,,,,,,
the North Pacific,,,,,,
North Pacific,,,,,,
eastern Pacific Ocean,,,,,,
Nordic,,,,,,
the South Bank,,,,,,
the Singapore River,,,,,,
Springfield,,,,,,
the South West,,,,,,
South Wales,,,,,,
south Wales,,,,,,
the Florida Panhandle,,,,,,
Tan Wheat,,,,,,
BaT,,,,,,
Andaman,,,,,,
UGG,,,,,,
Tamil Nadu,,,,,,
South Peninsula,,,,,,
the Democratic Republic of the,,,,,,
North and South Kivu,,,,,,
Canada Goose,,,,,,
New England,,,,,,
Southern England,,,,,,
Cambodia,,,,,,
Uttarkashi,,,,,,
Delhi-NCR's,,,,,,
the Northern Hemisphere,,,,,,
Yosemite,,,,,,
North Queensland,,,,,,
Badrinath,,,,,,
Chamoli,,,,,,
Rudraprayag,,,,,,
Slovenia,,,,,,
Nicobar,,,,,,
Murray River,,,,,,
Souther,,,,,,
South West monsoon,,,,,,
Kibera,,,,,,
the Hannah Montana,,,,,,
Eastern United States,,,,,,
Colombo,,,,,,
the Todd River,,,,,,
Atlantic City,,,,,,
Geneva,,,,,,
South-West monsoon,,,,,,
the St. Elias Mountains,,,,,,
northeast coast,,,,,,
Western Queensland,,,,,,
Rally Sweden,,,,,,
South Australia's,,,,,,
Hernando,,,,,,
the Ve River,,,,,,
the Eastern United States,,,,,,
Karachi,,,,,,
Hyderabad,,,,,,
Tarawera,,,,,,
Tug Hill,,,,,,
SLO County,,,,,,
the Southern Plains,,,,,,
Bondi beach,,,,,,
Austin,,,,,,
Lomax,,,,,,
Storm,,,,,,
Glace Bay,,,,,,
the Pacific Northwest,,,,,,
Louisbourg,,,,,,
Banff,,,,,,
Cambria,,,,,,
Hindi,,,,,,
Pallekele,,,,,,
Kid Rock’s Rock The Country festival,,,,,,
Greenland,,,,,,
Assam,,,,,,
Morigaon,,,,,,
Venice Biennale,,,,,,
KANSAS CITY,,,,,,
Mount Everest,,,,,,
Delta State,,,,,,
Ladakh,,,,,,
UP,,,,,,
Dark Saddle,,,,,,
Northern Kansas,,,,,,
Otsuchi,,,,,,
Anatoki,,,,,,
the Equatorial Pacific,,,,,,
Poland,,,,,,
Sea Turtle,,,,,,
HAMILTON,,,,,,
The City of Gatineau,,,,,,
New Braunfels,,,,,,
the U.S. Southeast,,,,,,
Wheatbelt,,,,,,
the Southern Hemisphere,,,,,,
the Ottawa River,,,,,,
Nev.,,,,,,
Lac La Biche,,,,,,
North-West,,,,,,
Christchurch,,,,,,
Strait of Hormuz,,,,,,
Odesa,,,,,,
Zaporizhia,,,,,,
Buruli,,,,,,
May.,,,,,,
Hardisty,,,,,,
Ottawa River,,,,,,
West Roxbury,,,,,,
Haus,,,,,,
Musik,,,,,,
Braunschweig,,,,,,
Ajmer,,,,,,
Kota,,,,,,
Bharatpur,,,,,,
INCLINE VILLAGE,,,,,,
Democratic Republic of the Congo,,,,,,
The Technological Republic:,,,,,,
South Asia,,,,,,
MONTREAL,,,,,,
United States dollars,,,,,,
Buffalo,,,,,,
Anaheim,,,,,,
Southeast Asia,,,,,,
Asheville,,,,,,
Nassau County,,,,,,
Bulgaria,,,,,,
Bougainville,,,,,,
the equatorial Pacific,,,,,,
Walden,,,,,,
Durham,,,,,,
Auslan,,,,,,
HONG KONG,,,,,,
Silicon Valley,,,,,,
Tampa Bay,,,,,,
N.C.,,,,,,
Finland,,,,,,
Queenstown,,,,,,
Plainfield,,,,,,
Timaru,,,,,,
East Antarctic,,,,,,
East Antarctica,,,,,,
USSR,,,,,,
Waikīkī Beach,,,,,,
the Czech Republic,,,,,,
Chester,,,,,,
Bristol,,,,,,
The Pacific Ocean,,,,,,
Ky,,,,,,
Scudetto,,,,,,
Henan,,,,,,
Woodstock,,,,,,
North Korea Provides Rare Response,,,,,,
Blue Lagos,,,,,,
HOUSTON,,,,,,
Montréal,,,,,,
Yemen,,,,,,
MONTRÉAL,,,,,,
South Lake Tahoe,,,,,,
Lancashire,,,,,,
Derbyshire,,,,,,
the LA Basin,,,,,,
Northern Mariana Islands,,,,,,
the Dampier Peninsula,,,,,,
Magog,,,,,,
the Central West,,,,,,
South Africa’s,,,,,,
Chad,,,,,,
the Path of Severe Storms and Possible Tornadoes,,,,,,
Outback city,,,,,,
The United States',,,,,,
the Miami Heat,,,,,,
Baghdad,,,,,,
Central,,,,,,
Rayalaseema,,,,,,
Lancs,,,,,,
Sweden,,,,,,
Manhattan,,,,,,
the US West,,,,,,
North Qld,,,,,,
New Brunswick's,,,,,,
the South Australian Premier,,,,,,
Norway,,,,,,
MaaS,,,,,,
Syracuse,,,,,,
The National Oceanic,,,,,,
Bay of Plenty,,,,,,
Stockholm,,,,,,
Hawkesbury River,,,,,,
Nepean River,,,,,,
Western Bay,,,,,,
Morristown,,,,,,
Tauranga,,,,,,
Kyiv,,,,,,
Ōhope,,,,,,
the High Desert,,,,,,
Shanghai,,,,,,
usEditor,,,,,,
Saint John river,,,,,,
North Kildonan,,,,,,
Southeastern Australia,,,,,,
Bermuda,,,,,,
Leavenworth,,,,,,
Milan,,,,,,
Cortina,,,,,,
St. John River,,,,,,
Que.,,,,,,
THE UNITED STATES / TORONTO,,,,,,
World Bank,,,,,,
Northwest India,,,,,,
Madhya Pradesh,,,,,,
Sevastopol Bay,,,,,,
Interlake,,,,,,
Caddo Parish,,,,,,
mediterranean,,,,,,
Winnipeg,,,,,,
AI,,,,,,
Pawtucket,,,,,,
South Pacific,,,,,,
Ann Arbor,,,,,,
Piazza San Marco,,,,,,
Invercargill,,,,,,
the Far North,,,,,,
French River,,,,,,
the Gulf of St Vincent,,,,,,
the Municipality of French River,,,,,,
High Desert,,,,,,
DRC,,,,,,
Priyadarshan,,,,,,
South Africa's,,,,,,
Zululand,,,,,,
euryhaline,,,,,,
Mastomys,,,,,,
Midwest States Reel,,,,,,
South America,,,,,,
Honolulu,,,,,,
